route,hour,day,traffic_volume,lat,lon
Monas – Gambir,6,Monday,233,-6.1766000000000005,106.8286
Monas – Gambir,7,Monday,2116,-6.1766000000000005,106.8286
Monas – Gambir,8,Monday,2019,-6.1766000000000005,106.8286
Monas – Gambir,9,Monday,1966,-6.1766000000000005,106.8286
Monas – Gambir,10,Monday,411,-6.1766000000000005,106.8286
Monas – Gambir,11,Monday,1179,-6.1766000000000005,106.8286
Monas – Gambir,12,Monday,664,-6.1766000000000005,106.8286
Monas – Gambir,13,Monday,322,-6.1766000000000005,106.8286
Monas – Gambir,14,Monday,924,-6.1766000000000005,106.8286
Monas – Gambir,15,Monday,979,-6.1766000000000005,106.8286
Monas – Gambir,16,Monday,1039,-6.1766000000000005,106.8286
Monas – Gambir,17,Monday,2050,-6.1766000000000005,106.8286
Monas – Gambir,18,Monday,1538,-6.1766000000000005,106.8286
Monas – Gambir,19,Monday,1630,-6.1766000000000005,106.8286
Monas – Gambir,20,Monday,1127,-6.1766000000000005,106.8286
Monas – Gambir,21,Monday,825,-6.1766000000000005,106.8286
Monas – Gambir,6,Tuesday,692,-6.1766000000000005,106.8286
Monas – Gambir,7,Tuesday,1878,-6.1766000000000005,106.8286
Monas – Gambir,8,Tuesday,1462,-6.1766000000000005,106.8286
Monas – Gambir,9,Tuesday,2200,-6.1766000000000005,106.8286
Monas – Gambir,10,Tuesday,529,-6.1766000000000005,106.8286
Monas – Gambir,11,Tuesday,1188,-6.1766000000000005,106.8286
Monas – Gambir,12,Tuesday,763,-6.1766000000000005,106.8286
Monas – Gambir,13,Tuesday,1191,-6.1766000000000005,106.8286
Monas – Gambir,14,Tuesday,1106,-6.1766000000000005,106.8286
Monas – Gambir,15,Tuesday,395,-6.1766000000000005,106.8286
Monas – Gambir,16,Tuesday,855,-6.1766000000000005,106.8286
Monas – Gambir,17,Tuesday,1403,-6.1766000000000005,106.8286
Monas – Gambir,18,Tuesday,2105,-6.1766000000000005,106.8286
Monas – Gambir,19,Tuesday,1822,-6.1766000000000005,106.8286
Monas – Gambir,20,Tuesday,544,-6.1766000000000005,106.8286
Monas – Gambir,21,Tuesday,718,-6.1766000000000005,106.8286
Monas – Gambir,6,Wednesday,1038,-6.1766000000000005,106.8286
Monas – Gambir,7,Wednesday,1826,-6.1766000000000005,106.8286
Monas – Gambir,8,Wednesday,1992,-6.1766000000000005,106.8286
Monas – Gambir,9,Wednesday,1919,-6.1766000000000005,106.8286
Monas – Gambir,10,Wednesday,926,-6.1766000000000005,106.8286
Monas – Gambir,11,Wednesday,648,-6.1766000000000005,106.8286
Monas – Gambir,12,Wednesday,911,-6.1766000000000005,106.8286
Monas – Gambir,13,Wednesday,609,-6.1766000000000005,106.8286
Monas – Gambir,14,Wednesday,658,-6.1766000000000005,106.8286
Monas – Gambir,15,Wednesday,216,-6.1766000000000005,106.8286
Monas – Gambir,16,Wednesday,448,-6.1766000000000005,106.8286
Monas – Gambir,17,Wednesday,2128,-6.1766000000000005,106.8286
Monas – Gambir,18,Wednesday,1503,-6.1766000000000005,106.8286
Monas – Gambir,19,Wednesday,1881,-6.1766000000000005,106.8286
Monas – Gambir,20,Wednesday,1144,-6.1766000000000005,106.8286
Monas – Gambir,21,Wednesday,675,-6.1766000000000005,106.8286
Monas – Gambir,6,Thursday,1044,-6.1766000000000005,106.8286
Monas – Gambir,7,Thursday,1991,-6.1766000000000005,106.8286
Monas – Gambir,8,Thursday,1593,-6.1766000000000005,106.8286
Monas – Gambir,9,Thursday,1923,-6.1766000000000005,106.8286
Monas – Gambir,10,Thursday,791,-6.1766000000000005,106.8286
Monas – Gambir,11,Thursday,413,-6.1766000000000005,106.8286
Monas – Gambir,12,Thursday,1025,-6.1766000000000005,106.8286
Monas – Gambir,13,Thursday,792,-6.1766000000000005,106.8286
Monas – Gambir,14,Thursday,756,-6.1766000000000005,106.8286
Monas – Gambir,15,Thursday,459,-6.1766000000000005,106.8286
Monas – Gambir,16,Thursday,209,-6.1766000000000005,106.8286
Monas – Gambir,17,Thursday,2045,-6.1766000000000005,106.8286
Monas – Gambir,18,Thursday,1599,-6.1766000000000005,106.8286
Monas – Gambir,19,Thursday,1765,-6.1766000000000005,106.8286
Monas – Gambir,20,Thursday,433,-6.1766000000000005,106.8286
Monas – Gambir,21,Thursday,1066,-6.1766000000000005,106.8286
Monas – Gambir,6,Friday,1061,-6.1766000000000005,106.8286
Monas – Gambir,7,Friday,1869,-6.1766000000000005,106.8286
Monas – Gambir,8,Friday,1777,-6.1766000000000005,106.8286
Monas – Gambir,9,Friday,2127,-6.1766000000000005,106.8286
Monas – Gambir,10,Friday,842,-6.1766000000000005,106.8286
Monas – Gambir,11,Friday,830,-6.1766000000000005,106.8286
Monas – Gambir,12,Friday,555,-6.1766000000000005,106.8286
Monas – Gambir,13,Friday,1172,-6.1766000000000005,106.8286
Monas – Gambir,14,Friday,1142,-6.1766000000000005,106.8286
Monas – Gambir,15,Friday,270,-6.1766000000000005,106.8286
Monas – Gambir,16,Friday,550,-6.1766000000000005,106.8286
Monas – Gambir,17,Friday,1689,-6.1766000000000005,106.8286
Monas – Gambir,18,Friday,1494,-6.1766000000000005,106.8286
Monas – Gambir,19,Friday,1833,-6.1766000000000005,106.8286
Monas – Gambir,20,Friday,984,-6.1766000000000005,106.8286
Monas – Gambir,21,Friday,568,-6.1766000000000005,106.8286
Monas – Tanah Abang,6,Monday,1378,-6.180949999999999,106.8192
Monas – Tanah Abang,7,Monday,1839,-6.180949999999999,106.8192
Monas – Tanah Abang,8,Monday,2130,-6.180949999999999,106.8192
Monas – Tanah Abang,9,Monday,2061,-6.180949999999999,106.8192
Monas – Tanah Abang,10,Monday,646,-6.180949999999999,106.8192
Monas – Tanah Abang,11,Monday,755,-6.180949999999999,106.8192
Monas – Tanah Abang,12,Monday,1420,-6.180949999999999,106.8192
Monas – Tanah Abang,13,Monday,877,-6.180949999999999,106.8192
Monas – Tanah Abang,14,Monday,1540,-6.180949999999999,106.8192
Monas – Tanah Abang,15,Monday,717,-6.180949999999999,106.8192
Monas – Tanah Abang,16,Monday,803,-6.180949999999999,106.8192
Monas – Tanah Abang,17,Monday,2450,-6.180949999999999,106.8192
Monas – Tanah Abang,18,Monday,1868,-6.180949999999999,106.8192
Monas – Tanah Abang,19,Monday,2430,-6.180949999999999,106.8192
Monas – Tanah Abang,20,Monday,1447,-6.180949999999999,106.8192
Monas – Tanah Abang,21,Monday,764,-6.180949999999999,106.8192
Monas – Tanah Abang,6,Tuesday,762,-6.180949999999999,106.8192
Monas – Tanah Abang,7,Tuesday,2372,-6.180949999999999,106.8192
Monas – Tanah Abang,8,Tuesday,2006,-6.180949999999999,106.8192
Monas – Tanah Abang,9,Tuesday,2484,-6.180949999999999,106.8192
Monas – Tanah Abang,10,Tuesday,988,-6.180949999999999,106.8192
Monas – Tanah Abang,11,Tuesday,1223,-6.180949999999999,106.8192
Monas – Tanah Abang,12,Tuesday,1497,-6.180949999999999,106.8192
Monas – Tanah Abang,13,Tuesday,1387,-6.180949999999999,106.8192
Monas – Tanah Abang,14,Tuesday,1257,-6.180949999999999,106.8192
Monas – Tanah Abang,15,Tuesday,1374,-6.180949999999999,106.8192
Monas – Tanah Abang,16,Tuesday,1328,-6.180949999999999,106.8192
Monas – Tanah Abang,17,Tuesday,2184,-6.180949999999999,106.8192
Monas – Tanah Abang,18,Tuesday,1964,-6.180949999999999,106.8192
Monas – Tanah Abang,19,Tuesday,1864,-6.180949999999999,106.8192
Monas – Tanah Abang,20,Tuesday,1056,-6.180949999999999,106.8192
Monas – Tanah Abang,21,Tuesday,921,-6.180949999999999,106.8192
Monas – Tanah Abang,6,Wednesday,1000,-6.180949999999999,106.8192
Monas – Tanah Abang,7,Wednesday,2260,-6.180949999999999,106.8192
Monas – Tanah Abang,8,Wednesday,2266,-6.180949999999999,106.8192
Monas – Tanah Abang,9,Wednesday,1858,-6.180949999999999,106.8192
Monas – Tanah Abang,10,Wednesday,569,-6.180949999999999,106.8192
Monas – Tanah Abang,11,Wednesday,866,-6.180949999999999,106.8192
Monas – Tanah Abang,12,Wednesday,1511,-6.180949999999999,106.8192
Monas – Tanah Abang,13,Wednesday,1416,-6.180949999999999,106.8192
Monas – Tanah Abang,14,Wednesday,1293,-6.180949999999999,106.8192
Monas – Tanah Abang,15,Wednesday,1269,-6.180949999999999,106.8192
Monas – Tanah Abang,16,Wednesday,1590,-6.180949999999999,106.8192
Monas – Tanah Abang,17,Wednesday,2629,-6.180949999999999,106.8192
Monas – Tanah Abang,18,Wednesday,1748,-6.180949999999999,106.8192
Monas – Tanah Abang,19,Wednesday,2509,-6.180949999999999,106.8192
Monas – Tanah Abang,20,Wednesday,961,-6.180949999999999,106.8192
Monas – Tanah Abang,21,Wednesday,1520,-6.180949999999999,106.8192
Monas – Tanah Abang,6,Thursday,652,-6.180949999999999,106.8192
Monas – Tanah Abang,7,Thursday,2528,-6.180949999999999,106.8192
Monas – Tanah Abang,8,Thursday,2112,-6.180949999999999,106.8192
Monas – Tanah Abang,9,Thursday,2324,-6.180949999999999,106.8192
Monas – Tanah Abang,10,Thursday,950,-6.180949999999999,106.8192
Monas – Tanah Abang,11,Thursday,627,-6.180949999999999,106.8192
Monas – Tanah Abang,12,Thursday,1215,-6.180949999999999,106.8192
Monas – Tanah Abang,13,Thursday,854,-6.180949999999999,106.8192
Monas – Tanah Abang,14,Thursday,1210,-6.180949999999999,106.8192
Monas – Tanah Abang,15,Thursday,1285,-6.180949999999999,106.8192
Monas – Tanah Abang,16,Thursday,737,-6.180949999999999,106.8192
Monas – Tanah Abang,17,Thursday,2230,-6.180949999999999,106.8192
Monas – Tanah Abang,18,Thursday,2367,-6.180949999999999,106.8192
Monas – Tanah Abang,19,Thursday,2112,-6.180949999999999,106.8192
Monas – Tanah Abang,20,Thursday,1085,-6.180949999999999,106.8192
Monas – Tanah Abang,21,Thursday,869,-6.180949999999999,106.8192
Monas – Tanah Abang,6,Friday,1435,-6.180949999999999,106.8192
Monas – Tanah Abang,7,Friday,1969,-6.180949999999999,106.8192
Monas – Tanah Abang,8,Friday,1937,-6.180949999999999,106.8192
Monas – Tanah Abang,9,Friday,2090,-6.180949999999999,106.8192
Monas – Tanah Abang,10,Friday,1304,-6.180949999999999,106.8192
Monas – Tanah Abang,11,Friday,1192,-6.180949999999999,106.8192
Monas – Tanah Abang,12,Friday,1555,-6.180949999999999,106.8192
Monas – Tanah Abang,13,Friday,898,-6.180949999999999,106.8192
Monas – Tanah Abang,14,Friday,1468,-6.180949999999999,106.8192
Monas – Tanah Abang,15,Friday,1309,-6.180949999999999,106.8192
Monas – Tanah Abang,16,Friday,1041,-6.180949999999999,106.8192
Monas – Tanah Abang,17,Friday,2219,-6.180949999999999,106.8192
Monas – Tanah Abang,18,Friday,2475,-6.180949999999999,106.8192
Monas – Tanah Abang,19,Friday,2306,-6.180949999999999,106.8192
Monas – Tanah Abang,20,Friday,1059,-6.180949999999999,106.8192
Monas – Tanah Abang,21,Friday,1494,-6.180949999999999,106.8192
Monas – Cikini,6,Monday,709,-6.1861999999999995,106.83279999999999
Monas – Cikini,7,Monday,1409,-6.1861999999999995,106.83279999999999
Monas – Cikini,8,Monday,1927,-6.1861999999999995,106.83279999999999
Monas – Cikini,9,Monday,1978,-6.1861999999999995,106.83279999999999
Monas – Cikini,10,Monday,1046,-6.1861999999999995,106.83279999999999
Monas – Cikini,11,Monday,923,-6.1861999999999995,106.83279999999999
Monas – Cikini,12,Monday,457,-6.1861999999999995,106.83279999999999
Monas – Cikini,13,Monday,1038,-6.1861999999999995,106.83279999999999
Monas – Cikini,14,Monday,263,-6.1861999999999995,106.83279999999999
Monas – Cikini,15,Monday,900,-6.1861999999999995,106.83279999999999
Monas – Cikini,16,Monday,515,-6.1861999999999995,106.83279999999999
Monas – Cikini,17,Monday,1660,-6.1861999999999995,106.83279999999999
Monas – Cikini,18,Monday,1641,-6.1861999999999995,106.83279999999999
Monas – Cikini,19,Monday,1659,-6.1861999999999995,106.83279999999999
Monas – Cikini,20,Monday,475,-6.1861999999999995,106.83279999999999
Monas – Cikini,21,Monday,451,-6.1861999999999995,106.83279999999999
Monas – Cikini,6,Tuesday,474,-6.1861999999999995,106.83279999999999
Monas – Cikini,7,Tuesday,2063,-6.1861999999999995,106.83279999999999
Monas – Cikini,8,Tuesday,1411,-6.1861999999999995,106.83279999999999
Monas – Cikini,9,Tuesday,2117,-6.1861999999999995,106.83279999999999
Monas – Cikini,10,Tuesday,788,-6.1861999999999995,106.83279999999999
Monas – Cikini,11,Tuesday,594,-6.1861999999999995,106.83279999999999
Monas – Cikini,12,Tuesday,475,-6.1861999999999995,106.83279999999999
Monas – Cikini,13,Tuesday,477,-6.1861999999999995,106.83279999999999
Monas – Cikini,14,Tuesday,1002,-6.1861999999999995,106.83279999999999
Monas – Cikini,15,Tuesday,1126,-6.1861999999999995,106.83279999999999
Monas – Cikini,16,Tuesday,1166,-6.1861999999999995,106.83279999999999
Monas – Cikini,17,Tuesday,2129,-6.1861999999999995,106.83279999999999
Monas – Cikini,18,Tuesday,1857,-6.1861999999999995,106.83279999999999
Monas – Cikini,19,Tuesday,1968,-6.1861999999999995,106.83279999999999
Monas – Cikini,20,Tuesday,557,-6.1861999999999995,106.83279999999999
Monas – Cikini,21,Tuesday,784,-6.1861999999999995,106.83279999999999
Monas – Cikini,6,Wednesday,262,-6.1861999999999995,106.83279999999999
Monas – Cikini,7,Wednesday,1503,-6.1861999999999995,106.83279999999999
Monas – Cikini,8,Wednesday,1591,-6.1861999999999995,106.83279999999999
Monas – Cikini,9,Wednesday,1949,-6.1861999999999995,106.83279999999999
Monas – Cikini,10,Wednesday,725,-6.1861999999999995,106.83279999999999
Monas – Cikini,11,Wednesday,1101,-6.1861999999999995,106.83279999999999
Monas – Cikini,12,Wednesday,286,-6.1861999999999995,106.83279999999999
Monas – Cikini,13,Wednesday,918,-6.1861999999999995,106.83279999999999
Monas – Cikini,14,Wednesday,245,-6.1861999999999995,106.83279999999999
Monas – Cikini,15,Wednesday,364,-6.1861999999999995,106.83279999999999
Monas – Cikini,16,Wednesday,938,-6.1861999999999995,106.83279999999999
Monas – Cikini,17,Wednesday,1582,-6.1861999999999995,106.83279999999999
Monas – Cikini,18,Wednesday,1741,-6.1861999999999995,106.83279999999999
Monas – Cikini,19,Wednesday,1554,-6.1861999999999995,106.83279999999999
Monas – Cikini,20,Wednesday,438,-6.1861999999999995,106.83279999999999
Monas – Cikini,21,Wednesday,418,-6.1861999999999995,106.83279999999999
Monas – Cikini,6,Thursday,384,-6.1861999999999995,106.83279999999999
Monas – Cikini,7,Thursday,2154,-6.1861999999999995,106.83279999999999
Monas – Cikini,8,Thursday,1885,-6.1861999999999995,106.83279999999999
Monas – Cikini,9,Thursday,2013,-6.1861999999999995,106.83279999999999
Monas – Cikini,10,Thursday,890,-6.1861999999999995,106.83279999999999
Monas – Cikini,11,Thursday,1157,-6.1861999999999995,106.83279999999999
Monas – Cikini,12,Thursday,881,-6.1861999999999995,106.83279999999999
Monas – Cikini,13,Thursday,371,-6.1861999999999995,106.83279999999999
Monas – Cikini,14,Thursday,1112,-6.1861999999999995,106.83279999999999
Monas – Cikini,15,Thursday,801,-6.1861999999999995,106.83279999999999
Monas – Cikini,16,Thursday,736,-6.1861999999999995,106.83279999999999
Monas – Cikini,17,Thursday,1703,-6.1861999999999995,106.83279999999999
Monas – Cikini,18,Thursday,2195,-6.1861999999999995,106.83279999999999
Monas – Cikini,19,Thursday,2090,-6.1861999999999995,106.83279999999999
Monas – Cikini,20,Thursday,1054,-6.1861999999999995,106.83279999999999
Monas – Cikini,21,Thursday,688,-6.1861999999999995,106.83279999999999
Monas – Cikini,6,Friday,200,-6.1861999999999995,106.83279999999999
Monas – Cikini,7,Friday,1936,-6.1861999999999995,106.83279999999999
Monas – Cikini,8,Friday,1462,-6.1861999999999995,106.83279999999999
Monas – Cikini,9,Friday,1642,-6.1861999999999995,106.83279999999999
Monas – Cikini,10,Friday,1084,-6.1861999999999995,106.83279999999999
Monas – Cikini,11,Friday,479,-6.1861999999999995,106.83279999999999
Monas – Cikini,12,Friday,618,-6.1861999999999995,106.83279999999999
Monas – Cikini,13,Friday,819,-6.1861999999999995,106.83279999999999
Monas – Cikini,14,Friday,1045,-6.1861999999999995,106.83279999999999
Monas – Cikini,15,Friday,1110,-6.1861999999999995,106.83279999999999
Monas – Cikini,16,Friday,1005,-6.1861999999999995,106.83279999999999
Monas – Cikini,17,Friday,2188,-6.1861999999999995,106.83279999999999
Monas – Cikini,18,Friday,1536,-6.1861999999999995,106.83279999999999
Monas – Cikini,19,Friday,1465,-6.1861999999999995,106.83279999999999
Monas – Cikini,20,Friday,382,-6.1861999999999995,106.83279999999999
Monas – Cikini,21,Friday,965,-6.1861999999999995,106.83279999999999
Monas – Senen,6,Monday,977,-6.17295,106.8386
Monas – Senen,7,Monday,1444,-6.17295,106.8386
Monas – Senen,8,Monday,2052,-6.17295,106.8386
Monas – Senen,9,Monday,2179,-6.17295,106.8386
Monas – Senen,10,Monday,321,-6.17295,106.8386
Monas – Senen,11,Monday,1129,-6.17295,106.8386
Monas – Senen,12,Monday,1189,-6.17295,106.8386
Monas – Senen,13,Monday,589,-6.17295,106.8386
Monas – Senen,14,Monday,1037,-6.17295,106.8386
Monas – Senen,15,Monday,212,-6.17295,106.8386
Monas – Senen,16,Monday,530,-6.17295,106.8386
Monas – Senen,17,Monday,2071,-6.17295,106.8386
Monas – Senen,18,Monday,1471,-6.17295,106.8386
Monas – Senen,19,Monday,1543,-6.17295,106.8386
Monas – Senen,20,Monday,1069,-6.17295,106.8386
Monas – Senen,21,Monday,1059,-6.17295,106.8386
Monas – Senen,6,Tuesday,213,-6.17295,106.8386
Monas – Senen,7,Tuesday,1860,-6.17295,106.8386
Monas – Senen,8,Tuesday,1922,-6.17295,106.8386
Monas – Senen,9,Tuesday,1577,-6.17295,106.8386
Monas – Senen,10,Tuesday,374,-6.17295,106.8386
Monas – Senen,11,Tuesday,1127,-6.17295,106.8386
Monas – Senen,12,Tuesday,1110,-6.17295,106.8386
Monas – Senen,13,Tuesday,925,-6.17295,106.8386
Monas – Senen,14,Tuesday,1102,-6.17295,106.8386
Monas – Senen,15,Tuesday,951,-6.17295,106.8386
Monas – Senen,16,Tuesday,968,-6.17295,106.8386
Monas – Senen,17,Tuesday,1834,-6.17295,106.8386
Monas – Senen,18,Tuesday,1406,-6.17295,106.8386
Monas – Senen,19,Tuesday,1995,-6.17295,106.8386
Monas – Senen,20,Tuesday,740,-6.17295,106.8386
Monas – Senen,21,Tuesday,828,-6.17295,106.8386
Monas – Senen,6,Wednesday,795,-6.17295,106.8386
Monas – Senen,7,Wednesday,2122,-6.17295,106.8386
Monas – Senen,8,Wednesday,1503,-6.17295,106.8386
Monas – Senen,9,Wednesday,1654,-6.17295,106.8386
Monas – Senen,10,Wednesday,919,-6.17295,106.8386
Monas – Senen,11,Wednesday,1074,-6.17295,106.8386
Monas – Senen,12,Wednesday,343,-6.17295,106.8386
Monas – Senen,13,Wednesday,1056,-6.17295,106.8386
Monas – Senen,14,Wednesday,617,-6.17295,106.8386
Monas – Senen,15,Wednesday,304,-6.17295,106.8386
Monas – Senen,16,Wednesday,470,-6.17295,106.8386
Monas – Senen,17,Wednesday,2040,-6.17295,106.8386
Monas – Senen,18,Wednesday,1514,-6.17295,106.8386
Monas – Senen,19,Wednesday,1974,-6.17295,106.8386
Monas – Senen,20,Wednesday,926,-6.17295,106.8386
Monas – Senen,21,Wednesday,434,-6.17295,106.8386
Monas – Senen,6,Thursday,515,-6.17295,106.8386
Monas – Senen,7,Thursday,1857,-6.17295,106.8386
Monas – Senen,8,Thursday,1561,-6.17295,106.8386
Monas – Senen,9,Thursday,1639,-6.17295,106.8386
Monas – Senen,10,Thursday,1085,-6.17295,106.8386
Monas – Senen,11,Thursday,1134,-6.17295,106.8386
Monas – Senen,12,Thursday,534,-6.17295,106.8386
Monas – Senen,13,Thursday,458,-6.17295,106.8386
Monas – Senen,14,Thursday,905,-6.17295,106.8386
Monas – Senen,15,Thursday,933,-6.17295,106.8386
Monas – Senen,16,Thursday,227,-6.17295,106.8386
Monas – Senen,17,Thursday,1613,-6.17295,106.8386
Monas – Senen,18,Thursday,2187,-6.17295,106.8386
Monas – Senen,19,Thursday,2118,-6.17295,106.8386
Monas – Senen,20,Thursday,974,-6.17295,106.8386
Monas – Senen,21,Thursday,1071,-6.17295,106.8386
Monas – Senen,6,Friday,856,-6.17295,106.8386
Monas – Senen,7,Friday,1550,-6.17295,106.8386
Monas – Senen,8,Friday,2101,-6.17295,106.8386
Monas – Senen,9,Friday,1687,-6.17295,106.8386
Monas – Senen,10,Friday,728,-6.17295,106.8386
Monas – Senen,11,Friday,214,-6.17295,106.8386
Monas – Senen,12,Friday,841,-6.17295,106.8386
Monas – Senen,13,Friday,303,-6.17295,106.8386
Monas – Senen,14,Friday,1141,-6.17295,106.8386
Monas – Senen,15,Friday,913,-6.17295,106.8386
Monas – Senen,16,Friday,515,-6.17295,106.8386
Monas – Senen,17,Friday,1840,-6.17295,106.8386
Monas – Senen,18,Friday,1852,-6.17295,106.8386
Monas – Senen,19,Friday,1948,-6.17295,106.8386
Monas – Senen,20,Friday,813,-6.17295,106.8386
Monas – Senen,21,Friday,575,-6.17295,106.8386
Monas – Menteng,6,Monday,1129,-6.1827000000000005,106.82975
Monas – Menteng,7,Monday,1949,-6.1827000000000005,106.82975
Monas – Menteng,8,Monday,1864,-6.1827000000000005,106.82975
Monas – Menteng,9,Monday,1820,-6.1827000000000005,106.82975
Monas – Menteng,10,Monday,1054,-6.1827000000000005,106.82975
Monas – Menteng,11,Monday,1142,-6.1827000000000005,106.82975
Monas – Menteng,12,Monday,216,-6.1827000000000005,106.82975
Monas – Menteng,13,Monday,1119,-6.1827000000000005,106.82975
Monas – Menteng,14,Monday,940,-6.1827000000000005,106.82975
Monas – Menteng,15,Monday,900,-6.1827000000000005,106.82975
Monas – Menteng,16,Monday,204,-6.1827000000000005,106.82975
Monas – Menteng,17,Monday,1402,-6.1827000000000005,106.82975
Monas – Menteng,18,Monday,2159,-6.1827000000000005,106.82975
Monas – Menteng,19,Monday,1702,-6.1827000000000005,106.82975
Monas – Menteng,20,Monday,384,-6.1827000000000005,106.82975
Monas – Menteng,21,Monday,968,-6.1827000000000005,106.82975
Monas – Menteng,6,Tuesday,1190,-6.1827000000000005,106.82975
Monas – Menteng,7,Tuesday,1442,-6.1827000000000005,106.82975
Monas – Menteng,8,Tuesday,1649,-6.1827000000000005,106.82975
Monas – Menteng,9,Tuesday,1772,-6.1827000000000005,106.82975
Monas – Menteng,10,Tuesday,659,-6.1827000000000005,106.82975
Monas – Menteng,11,Tuesday,1126,-6.1827000000000005,106.82975
Monas – Menteng,12,Tuesday,1122,-6.1827000000000005,106.82975
Monas – Menteng,13,Tuesday,1068,-6.1827000000000005,106.82975
Monas – Menteng,14,Tuesday,1099,-6.1827000000000005,106.82975
Monas – Menteng,15,Tuesday,454,-6.1827000000000005,106.82975
Monas – Menteng,16,Tuesday,446,-6.1827000000000005,106.82975
Monas – Menteng,17,Tuesday,2171,-6.1827000000000005,106.82975
Monas – Menteng,18,Tuesday,1677,-6.1827000000000005,106.82975
Monas – Menteng,19,Tuesday,1411,-6.1827000000000005,106.82975
Monas – Menteng,20,Tuesday,619,-6.1827000000000005,106.82975
Monas – Menteng,21,Tuesday,554,-6.1827000000000005,106.82975
Monas – Menteng,6,Wednesday,899,-6.1827000000000005,106.82975
Monas – Menteng,7,Wednesday,1634,-6.1827000000000005,106.82975
Monas – Menteng,8,Wednesday,1823,-6.1827000000000005,106.82975
Monas – Menteng,9,Wednesday,1994,-6.1827000000000005,106.82975
Monas – Menteng,10,Wednesday,1128,-6.1827000000000005,106.82975
Monas – Menteng,11,Wednesday,982,-6.1827000000000005,106.82975
Monas – Menteng,12,Wednesday,970,-6.1827000000000005,106.82975
Monas – Menteng,13,Wednesday,498,-6.1827000000000005,106.82975
Monas – Menteng,14,Wednesday,729,-6.1827000000000005,106.82975
Monas – Menteng,15,Wednesday,634,-6.1827000000000005,106.82975
Monas – Menteng,16,Wednesday,987,-6.1827000000000005,106.82975
Monas – Menteng,17,Wednesday,2041,-6.1827000000000005,106.82975
Monas – Menteng,18,Wednesday,2144,-6.1827000000000005,106.82975
Monas – Menteng,19,Wednesday,1409,-6.1827000000000005,106.82975
Monas – Menteng,20,Wednesday,382,-6.1827000000000005,106.82975
Monas – Menteng,21,Wednesday,1085,-6.1827000000000005,106.82975
Monas – Menteng,6,Thursday,402,-6.1827000000000005,106.82975
Monas – Menteng,7,Thursday,2048,-6.1827000000000005,106.82975
Monas – Menteng,8,Thursday,2162,-6.1827000000000005,106.82975
Monas – Menteng,9,Thursday,1791,-6.1827000000000005,106.82975
Monas – Menteng,10,Thursday,1123,-6.1827000000000005,106.82975
Monas – Menteng,11,Thursday,971,-6.1827000000000005,106.82975
Monas – Menteng,12,Thursday,453,-6.1827000000000005,106.82975
Monas – Menteng,13,Thursday,512,-6.1827000000000005,106.82975
Monas – Menteng,14,Thursday,381,-6.1827000000000005,106.82975
Monas – Menteng,15,Thursday,320,-6.1827000000000005,106.82975
Monas – Menteng,16,Thursday,1055,-6.1827000000000005,106.82975
Monas – Menteng,17,Thursday,1548,-6.1827000000000005,106.82975
Monas – Menteng,18,Thursday,1819,-6.1827000000000005,106.82975
Monas – Menteng,19,Thursday,1994,-6.1827000000000005,106.82975
Monas – Menteng,20,Thursday,1124,-6.1827000000000005,106.82975
Monas – Menteng,21,Thursday,1071,-6.1827000000000005,106.82975
Monas – Menteng,6,Friday,568,-6.1827000000000005,106.82975
Monas – Menteng,7,Friday,1449,-6.1827000000000005,106.82975
Monas – Menteng,8,Friday,1777,-6.1827000000000005,106.82975
Monas – Menteng,9,Friday,2193,-6.1827000000000005,106.82975
Monas – Menteng,10,Friday,412,-6.1827000000000005,106.82975
Monas – Menteng,11,Friday,342,-6.1827000000000005,106.82975
Monas – Menteng,12,Friday,978,-6.1827000000000005,106.82975
Monas – Menteng,13,Friday,1115,-6.1827000000000005,106.82975
Monas – Menteng,14,Friday,569,-6.1827000000000005,106.82975
Monas – Menteng,15,Friday,310,-6.1827000000000005,106.82975
Monas – Menteng,16,Friday,714,-6.1827000000000005,106.82975
Monas – Menteng,17,Friday,1772,-6.1827000000000005,106.82975
Monas – Menteng,18,Friday,1954,-6.1827000000000005,106.82975
Monas – Menteng,19,Friday,1403,-6.1827000000000005,106.82975
Monas – Menteng,20,Friday,1096,-6.1827000000000005,106.82975
Monas – Menteng,21,Friday,513,-6.1827000000000005,106.82975
Monas – Kemayoran,6,Monday,556,-6.1625,106.84615
Monas – Kemayoran,7,Monday,1851,-6.1625,106.84615
Monas – Kemayoran,8,Monday,2110,-6.1625,106.84615
Monas – Kemayoran,9,Monday,2093,-6.1625,106.84615
Monas – Kemayoran,10,Monday,626,-6.1625,106.84615
Monas – Kemayoran,11,Monday,997,-6.1625,106.84615
Monas – Kemayoran,12,Monday,892,-6.1625,106.84615
Monas – Kemayoran,13,Monday,614,-6.1625,106.84615
Monas – Kemayoran,14,Monday,752,-6.1625,106.84615
Monas – Kemayoran,15,Monday,783,-6.1625,106.84615
Monas – Kemayoran,16,Monday,881,-6.1625,106.84615
Monas – Kemayoran,17,Monday,2018,-6.1625,106.84615
Monas – Kemayoran,18,Monday,2016,-6.1625,106.84615
Monas – Kemayoran,19,Monday,1968,-6.1625,106.84615
Monas – Kemayoran,20,Monday,562,-6.1625,106.84615
Monas – Kemayoran,21,Monday,686,-6.1625,106.84615
Monas – Kemayoran,6,Tuesday,714,-6.1625,106.84615
Monas – Kemayoran,7,Tuesday,1690,-6.1625,106.84615
Monas – Kemayoran,8,Tuesday,1810,-6.1625,106.84615
Monas – Kemayoran,9,Tuesday,1860,-6.1625,106.84615
Monas – Kemayoran,10,Tuesday,1067,-6.1625,106.84615
Monas – Kemayoran,11,Tuesday,998,-6.1625,106.84615
Monas – Kemayoran,12,Tuesday,1043,-6.1625,106.84615
Monas – Kemayoran,13,Tuesday,813,-6.1625,106.84615
Monas – Kemayoran,14,Tuesday,1003,-6.1625,106.84615
Monas – Kemayoran,15,Tuesday,926,-6.1625,106.84615
Monas – Kemayoran,16,Tuesday,496,-6.1625,106.84615
Monas – Kemayoran,17,Tuesday,2159,-6.1625,106.84615
Monas – Kemayoran,18,Tuesday,1730,-6.1625,106.84615
Monas – Kemayoran,19,Tuesday,1554,-6.1625,106.84615
Monas – Kemayoran,20,Tuesday,1081,-6.1625,106.84615
Monas – Kemayoran,21,Tuesday,575,-6.1625,106.84615
Monas – Kemayoran,6,Wednesday,1020,-6.1625,106.84615
Monas – Kemayoran,7,Wednesday,2185,-6.1625,106.84615
Monas – Kemayoran,8,Wednesday,2081,-6.1625,106.84615
Monas – Kemayoran,9,Wednesday,1851,-6.1625,106.84615
Monas – Kemayoran,10,Wednesday,595,-6.1625,106.84615
Monas – Kemayoran,11,Wednesday,307,-6.1625,106.84615
Monas – Kemayoran,12,Wednesday,481,-6.1625,106.84615
Monas – Kemayoran,13,Wednesday,418,-6.1625,106.84615
Monas – Kemayoran,14,Wednesday,717,-6.1625,106.84615
Monas – Kemayoran,15,Wednesday,513,-6.1625,106.84615
Monas – Kemayoran,16,Wednesday,726,-6.1625,106.84615
Monas – Kemayoran,17,Wednesday,1741,-6.1625,106.84615
Monas – Kemayoran,18,Wednesday,1665,-6.1625,106.84615
Monas – Kemayoran,19,Wednesday,1415,-6.1625,106.84615
Monas – Kemayoran,20,Wednesday,547,-6.1625,106.84615
Monas – Kemayoran,21,Wednesday,728,-6.1625,106.84615
Monas – Kemayoran,6,Thursday,424,-6.1625,106.84615
Monas – Kemayoran,7,Thursday,1675,-6.1625,106.84615
Monas – Kemayoran,8,Thursday,2086,-6.1625,106.84615
Monas – Kemayoran,9,Thursday,1420,-6.1625,106.84615
Monas – Kemayoran,10,Thursday,348,-6.1625,106.84615
Monas – Kemayoran,11,Thursday,738,-6.1625,106.84615
Monas – Kemayoran,12,Thursday,1111,-6.1625,106.84615
Monas – Kemayoran,13,Thursday,1137,-6.1625,106.84615
Monas – Kemayoran,14,Thursday,697,-6.1625,106.84615
Monas – Kemayoran,15,Thursday,787,-6.1625,106.84615
Monas – Kemayoran,16,Thursday,339,-6.1625,106.84615
Monas – Kemayoran,17,Thursday,1412,-6.1625,106.84615
Monas – Kemayoran,18,Thursday,2021,-6.1625,106.84615
Monas – Kemayoran,19,Thursday,1848,-6.1625,106.84615
Monas – Kemayoran,20,Thursday,1016,-6.1625,106.84615
Monas – Kemayoran,21,Thursday,728,-6.1625,106.84615
Monas – Kemayoran,6,Friday,702,-6.1625,106.84615
Monas – Kemayoran,7,Friday,1926,-6.1625,106.84615
Monas – Kemayoran,8,Friday,1875,-6.1625,106.84615
Monas – Kemayoran,9,Friday,2048,-6.1625,106.84615
Monas – Kemayoran,10,Friday,509,-6.1625,106.84615
Monas – Kemayoran,11,Friday,332,-6.1625,106.84615
Monas – Kemayoran,12,Friday,526,-6.1625,106.84615
Monas – Kemayoran,13,Friday,525,-6.1625,106.84615
Monas – Kemayoran,14,Friday,555,-6.1625,106.84615
Monas – Kemayoran,15,Friday,831,-6.1625,106.84615
Monas – Kemayoran,16,Friday,686,-6.1625,106.84615
Monas – Kemayoran,17,Friday,2136,-6.1625,106.84615
Monas – Kemayoran,18,Friday,1508,-6.1625,106.84615
Monas – Kemayoran,19,Friday,2048,-6.1625,106.84615
Monas – Kemayoran,20,Friday,677,-6.1625,106.84615
Monas – Kemayoran,21,Friday,672,-6.1625,106.84615
Gambir – Tanah Abang,6,Monday,904,-6.18215,106.8206
Gambir – Tanah Abang,7,Monday,1942,-6.18215,106.8206
Gambir – Tanah Abang,8,Monday,2181,-6.18215,106.8206
Gambir – Tanah Abang,9,Monday,1917,-6.18215,106.8206
Gambir – Tanah Abang,10,Monday,469,-6.18215,106.8206
Gambir – Tanah Abang,11,Monday,361,-6.18215,106.8206
Gambir – Tanah Abang,12,Monday,921,-6.18215,106.8206
Gambir – Tanah Abang,13,Monday,352,-6.18215,106.8206
Gambir – Tanah Abang,14,Monday,628,-6.18215,106.8206
Gambir – Tanah Abang,15,Monday,657,-6.18215,106.8206
Gambir – Tanah Abang,16,Monday,761,-6.18215,106.8206
Gambir – Tanah Abang,17,Monday,1500,-6.18215,106.8206
Gambir – Tanah Abang,18,Monday,1844,-6.18215,106.8206
Gambir – Tanah Abang,19,Monday,1975,-6.18215,106.8206
Gambir – Tanah Abang,20,Monday,1151,-6.18215,106.8206
Gambir – Tanah Abang,21,Monday,961,-6.18215,106.8206
Gambir – Tanah Abang,6,Tuesday,557,-6.18215,106.8206
Gambir – Tanah Abang,7,Tuesday,1464,-6.18215,106.8206
Gambir – Tanah Abang,8,Tuesday,1506,-6.18215,106.8206
Gambir – Tanah Abang,9,Tuesday,1719,-6.18215,106.8206
Gambir – Tanah Abang,10,Tuesday,728,-6.18215,106.8206
Gambir – Tanah Abang,11,Tuesday,1072,-6.18215,106.8206
Gambir – Tanah Abang,12,Tuesday,791,-6.18215,106.8206
Gambir – Tanah Abang,13,Tuesday,296,-6.18215,106.8206
Gambir – Tanah Abang,14,Tuesday,852,-6.18215,106.8206
Gambir – Tanah Abang,15,Tuesday,571,-6.18215,106.8206
Gambir – Tanah Abang,16,Tuesday,638,-6.18215,106.8206
Gambir – Tanah Abang,17,Tuesday,1651,-6.18215,106.8206
Gambir – Tanah Abang,18,Tuesday,1676,-6.18215,106.8206
Gambir – Tanah Abang,19,Tuesday,1496,-6.18215,106.8206
Gambir – Tanah Abang,20,Tuesday,756,-6.18215,106.8206
Gambir – Tanah Abang,21,Tuesday,522,-6.18215,106.8206
Gambir – Tanah Abang,6,Wednesday,213,-6.18215,106.8206
Gambir – Tanah Abang,7,Wednesday,1456,-6.18215,106.8206
Gambir – Tanah Abang,8,Wednesday,1518,-6.18215,106.8206
Gambir – Tanah Abang,9,Wednesday,1706,-6.18215,106.8206
Gambir – Tanah Abang,10,Wednesday,869,-6.18215,106.8206
Gambir – Tanah Abang,11,Wednesday,519,-6.18215,106.8206
Gambir – Tanah Abang,12,Wednesday,1047,-6.18215,106.8206
Gambir – Tanah Abang,13,Wednesday,1082,-6.18215,106.8206
Gambir – Tanah Abang,14,Wednesday,1120,-6.18215,106.8206
Gambir – Tanah Abang,15,Wednesday,584,-6.18215,106.8206
Gambir – Tanah Abang,16,Wednesday,1153,-6.18215,106.8206
Gambir – Tanah Abang,17,Wednesday,1449,-6.18215,106.8206
Gambir – Tanah Abang,18,Wednesday,1910,-6.18215,106.8206
Gambir – Tanah Abang,19,Wednesday,1855,-6.18215,106.8206
Gambir – Tanah Abang,20,Wednesday,821,-6.18215,106.8206
Gambir – Tanah Abang,21,Wednesday,1029,-6.18215,106.8206
Gambir – Tanah Abang,6,Thursday,1029,-6.18215,106.8206
Gambir – Tanah Abang,7,Thursday,1567,-6.18215,106.8206
Gambir – Tanah Abang,8,Thursday,1977,-6.18215,106.8206
Gambir – Tanah Abang,9,Thursday,1991,-6.18215,106.8206
Gambir – Tanah Abang,10,Thursday,917,-6.18215,106.8206
Gambir – Tanah Abang,11,Thursday,823,-6.18215,106.8206
Gambir – Tanah Abang,12,Thursday,382,-6.18215,106.8206
Gambir – Tanah Abang,13,Thursday,864,-6.18215,106.8206
Gambir – Tanah Abang,14,Thursday,521,-6.18215,106.8206
Gambir – Tanah Abang,15,Thursday,996,-6.18215,106.8206
Gambir – Tanah Abang,16,Thursday,399,-6.18215,106.8206
Gambir – Tanah Abang,17,Thursday,1906,-6.18215,106.8206
Gambir – Tanah Abang,18,Thursday,1868,-6.18215,106.8206
Gambir – Tanah Abang,19,Thursday,1741,-6.18215,106.8206
Gambir – Tanah Abang,20,Thursday,437,-6.18215,106.8206
Gambir – Tanah Abang,21,Thursday,1191,-6.18215,106.8206
Gambir – Tanah Abang,6,Friday,468,-6.18215,106.8206
Gambir – Tanah Abang,7,Friday,2010,-6.18215,106.8206
Gambir – Tanah Abang,8,Friday,1465,-6.18215,106.8206
Gambir – Tanah Abang,9,Friday,1639,-6.18215,106.8206
Gambir – Tanah Abang,10,Friday,1052,-6.18215,106.8206
Gambir – Tanah Abang,11,Friday,228,-6.18215,106.8206
Gambir – Tanah Abang,12,Friday,756,-6.18215,106.8206
Gambir – Tanah Abang,13,Friday,963,-6.18215,106.8206
Gambir – Tanah Abang,14,Friday,839,-6.18215,106.8206
Gambir – Tanah Abang,15,Friday,949,-6.18215,106.8206
Gambir – Tanah Abang,16,Friday,471,-6.18215,106.8206
Gambir – Tanah Abang,17,Friday,2024,-6.18215,106.8206
Gambir – Tanah Abang,18,Friday,1582,-6.18215,106.8206
Gambir – Tanah Abang,19,Friday,1732,-6.18215,106.8206
Gambir – Tanah Abang,20,Friday,1153,-6.18215,106.8206
Gambir – Tanah Abang,21,Friday,630,-6.18215,106.8206
Gambir – Cikini,6,Monday,1086,-6.1874,106.8342
Gambir – Cikini,7,Monday,1604,-6.1874,106.8342
Gambir – Cikini,8,Monday,1519,-6.1874,106.8342
Gambir – Cikini,9,Monday,1962,-6.1874,106.8342
Gambir – Cikini,10,Monday,908,-6.1874,106.8342
Gambir – Cikini,11,Monday,334,-6.1874,106.8342
Gambir – Cikini,12,Monday,962,-6.1874,106.8342
Gambir – Cikini,13,Monday,977,-6.1874,106.8342
Gambir – Cikini,14,Monday,574,-6.1874,106.8342
Gambir – Cikini,15,Monday,850,-6.1874,106.8342
Gambir – Cikini,16,Monday,418,-6.1874,106.8342
Gambir – Cikini,17,Monday,1572,-6.1874,106.8342
Gambir – Cikini,18,Monday,1594,-6.1874,106.8342
Gambir – Cikini,19,Monday,1675,-6.1874,106.8342
Gambir – Cikini,20,Monday,785,-6.1874,106.8342
Gambir – Cikini,21,Monday,361,-6.1874,106.8342
Gambir – Cikini,6,Tuesday,417,-6.1874,106.8342
Gambir – Cikini,7,Tuesday,1849,-6.1874,106.8342
Gambir – Cikini,8,Tuesday,1551,-6.1874,106.8342
Gambir – Cikini,9,Tuesday,1403,-6.1874,106.8342
Gambir – Cikini,10,Tuesday,1104,-6.1874,106.8342
Gambir – Cikini,11,Tuesday,1183,-6.1874,106.8342
Gambir – Cikini,12,Tuesday,600,-6.1874,106.8342
Gambir – Cikini,13,Tuesday,885,-6.1874,106.8342
Gambir – Cikini,14,Tuesday,876,-6.1874,106.8342
Gambir – Cikini,15,Tuesday,1082,-6.1874,106.8342
Gambir – Cikini,16,Tuesday,577,-6.1874,106.8342
Gambir – Cikini,17,Tuesday,2155,-6.1874,106.8342
Gambir – Cikini,18,Tuesday,1498,-6.1874,106.8342
Gambir – Cikini,19,Tuesday,1856,-6.1874,106.8342
Gambir – Cikini,20,Tuesday,1153,-6.1874,106.8342
Gambir – Cikini,21,Tuesday,357,-6.1874,106.8342
Gambir – Cikini,6,Wednesday,445,-6.1874,106.8342
Gambir – Cikini,7,Wednesday,1936,-6.1874,106.8342
Gambir – Cikini,8,Wednesday,2124,-6.1874,106.8342
Gambir – Cikini,9,Wednesday,1429,-6.1874,106.8342
Gambir – Cikini,10,Wednesday,310,-6.1874,106.8342
Gambir – Cikini,11,Wednesday,861,-6.1874,106.8342
Gambir – Cikini,12,Wednesday,1043,-6.1874,106.8342
Gambir – Cikini,13,Wednesday,368,-6.1874,106.8342
Gambir – Cikini,14,Wednesday,609,-6.1874,106.8342
Gambir – Cikini,15,Wednesday,953,-6.1874,106.8342
Gambir – Cikini,16,Wednesday,850,-6.1874,106.8342
Gambir – Cikini,17,Wednesday,1930,-6.1874,106.8342
Gambir – Cikini,18,Wednesday,1561,-6.1874,106.8342
Gambir – Cikini,19,Wednesday,1892,-6.1874,106.8342
Gambir – Cikini,20,Wednesday,426,-6.1874,106.8342
Gambir – Cikini,21,Wednesday,270,-6.1874,106.8342
Gambir – Cikini,6,Thursday,853,-6.1874,106.8342
Gambir – Cikini,7,Thursday,1926,-6.1874,106.8342
Gambir – Cikini,8,Thursday,1600,-6.1874,106.8342
Gambir – Cikini,9,Thursday,1565,-6.1874,106.8342
Gambir – Cikini,10,Thursday,527,-6.1874,106.8342
Gambir – Cikini,11,Thursday,747,-6.1874,106.8342
Gambir – Cikini,12,Thursday,860,-6.1874,106.8342
Gambir – Cikini,13,Thursday,670,-6.1874,106.8342
Gambir – Cikini,14,Thursday,807,-6.1874,106.8342
Gambir – Cikini,15,Thursday,437,-6.1874,106.8342
Gambir – Cikini,16,Thursday,985,-6.1874,106.8342
Gambir – Cikini,17,Thursday,1732,-6.1874,106.8342
Gambir – Cikini,18,Thursday,1849,-6.1874,106.8342
Gambir – Cikini,19,Thursday,1928,-6.1874,106.8342
Gambir – Cikini,20,Thursday,309,-6.1874,106.8342
Gambir – Cikini,21,Thursday,1058,-6.1874,106.8342
Gambir – Cikini,6,Friday,430,-6.1874,106.8342
Gambir – Cikini,7,Friday,2147,-6.1874,106.8342
Gambir – Cikini,8,Friday,1443,-6.1874,106.8342
Gambir – Cikini,9,Friday,2184,-6.1874,106.8342
Gambir – Cikini,10,Friday,872,-6.1874,106.8342
Gambir – Cikini,11,Friday,932,-6.1874,106.8342
Gambir – Cikini,12,Friday,802,-6.1874,106.8342
Gambir – Cikini,13,Friday,271,-6.1874,106.8342
Gambir – Cikini,14,Friday,274,-6.1874,106.8342
Gambir – Cikini,15,Friday,1184,-6.1874,106.8342
Gambir – Cikini,16,Friday,471,-6.1874,106.8342
Gambir – Cikini,17,Friday,1686,-6.1874,106.8342
Gambir – Cikini,18,Friday,2139,-6.1874,106.8342
Gambir – Cikini,19,Friday,1858,-6.1874,106.8342
Gambir – Cikini,20,Friday,560,-6.1874,106.8342
Gambir – Cikini,21,Friday,1078,-6.1874,106.8342
Gambir – Senen,6,Monday,753,-6.17415,106.84
Gambir – Senen,7,Monday,1555,-6.17415,106.84
Gambir – Senen,8,Monday,2169,-6.17415,106.84
Gambir – Senen,9,Monday,1557,-6.17415,106.84
Gambir – Senen,10,Monday,1165,-6.17415,106.84
Gambir – Senen,11,Monday,591,-6.17415,106.84
Gambir – Senen,12,Monday,472,-6.17415,106.84
Gambir – Senen,13,Monday,225,-6.17415,106.84
Gambir – Senen,14,Monday,880,-6.17415,106.84
Gambir – Senen,15,Monday,725,-6.17415,106.84
Gambir – Senen,16,Monday,596,-6.17415,106.84
Gambir – Senen,17,Monday,1514,-6.17415,106.84
Gambir – Senen,18,Monday,1526,-6.17415,106.84
Gambir – Senen,19,Monday,1954,-6.17415,106.84
Gambir – Senen,20,Monday,748,-6.17415,106.84
Gambir – Senen,21,Monday,414,-6.17415,106.84
Gambir – Senen,6,Tuesday,501,-6.17415,106.84
Gambir – Senen,7,Tuesday,1497,-6.17415,106.84
Gambir – Senen,8,Tuesday,1676,-6.17415,106.84
Gambir – Senen,9,Tuesday,1441,-6.17415,106.84
Gambir – Senen,10,Tuesday,276,-6.17415,106.84
Gambir – Senen,11,Tuesday,315,-6.17415,106.84
Gambir – Senen,12,Tuesday,625,-6.17415,106.84
Gambir – Senen,13,Tuesday,1191,-6.17415,106.84
Gambir – Senen,14,Tuesday,1119,-6.17415,106.84
Gambir – Senen,15,Tuesday,333,-6.17415,106.84
Gambir – Senen,16,Tuesday,1145,-6.17415,106.84
Gambir – Senen,17,Tuesday,1622,-6.17415,106.84
Gambir – Senen,18,Tuesday,1974,-6.17415,106.84
Gambir – Senen,19,Tuesday,1958,-6.17415,106.84
Gambir – Senen,20,Tuesday,427,-6.17415,106.84
Gambir – Senen,21,Tuesday,247,-6.17415,106.84
Gambir – Senen,6,Wednesday,488,-6.17415,106.84
Gambir – Senen,7,Wednesday,1878,-6.17415,106.84
Gambir – Senen,8,Wednesday,1668,-6.17415,106.84
Gambir – Senen,9,Wednesday,1857,-6.17415,106.84
Gambir – Senen,10,Wednesday,834,-6.17415,106.84
Gambir – Senen,11,Wednesday,985,-6.17415,106.84
Gambir – Senen,12,Wednesday,279,-6.17415,106.84
Gambir – Senen,13,Wednesday,1035,-6.17415,106.84
Gambir – Senen,14,Wednesday,1036,-6.17415,106.84
Gambir – Senen,15,Wednesday,422,-6.17415,106.84
Gambir – Senen,16,Wednesday,973,-6.17415,106.84
Gambir – Senen,17,Wednesday,1739,-6.17415,106.84
Gambir – Senen,18,Wednesday,1877,-6.17415,106.84
Gambir – Senen,19,Wednesday,1441,-6.17415,106.84
Gambir – Senen,20,Wednesday,940,-6.17415,106.84
Gambir – Senen,21,Wednesday,1115,-6.17415,106.84
Gambir – Senen,6,Thursday,404,-6.17415,106.84
Gambir – Senen,7,Thursday,1898,-6.17415,106.84
Gambir – Senen,8,Thursday,2071,-6.17415,106.84
Gambir – Senen,9,Thursday,2008,-6.17415,106.84
Gambir – Senen,10,Thursday,1177,-6.17415,106.84
Gambir – Senen,11,Thursday,1014,-6.17415,106.84
Gambir – Senen,12,Thursday,515,-6.17415,106.84
Gambir – Senen,13,Thursday,1012,-6.17415,106.84
Gambir – Senen,14,Thursday,1154,-6.17415,106.84
Gambir – Senen,15,Thursday,1069,-6.17415,106.84
Gambir – Senen,16,Thursday,688,-6.17415,106.84
Gambir – Senen,17,Thursday,1475,-6.17415,106.84
Gambir – Senen,18,Thursday,1941,-6.17415,106.84
Gambir – Senen,19,Thursday,1784,-6.17415,106.84
Gambir – Senen,20,Thursday,687,-6.17415,106.84
Gambir – Senen,21,Thursday,727,-6.17415,106.84
Gambir – Senen,6,Friday,972,-6.17415,106.84
Gambir – Senen,7,Friday,1846,-6.17415,106.84
Gambir – Senen,8,Friday,2009,-6.17415,106.84
Gambir – Senen,9,Friday,1952,-6.17415,106.84
Gambir – Senen,10,Friday,743,-6.17415,106.84
Gambir – Senen,11,Friday,1135,-6.17415,106.84
Gambir – Senen,12,Friday,474,-6.17415,106.84
Gambir – Senen,13,Friday,915,-6.17415,106.84
Gambir – Senen,14,Friday,308,-6.17415,106.84
Gambir – Senen,15,Friday,806,-6.17415,106.84
Gambir – Senen,16,Friday,1067,-6.17415,106.84
Gambir – Senen,17,Friday,1880,-6.17415,106.84
Gambir – Senen,18,Friday,2179,-6.17415,106.84
Gambir – Senen,19,Friday,1478,-6.17415,106.84
Gambir – Senen,20,Friday,688,-6.17415,106.84
Gambir – Senen,21,Friday,266,-6.17415,106.84
Gambir – Menteng,6,Monday,854,-6.1839,106.83115000000001
Gambir – Menteng,7,Monday,1971,-6.1839,106.83115000000001
Gambir – Menteng,8,Monday,2045,-6.1839,106.83115000000001
Gambir – Menteng,9,Monday,1633,-6.1839,106.83115000000001
Gambir – Menteng,10,Monday,1040,-6.1839,106.83115000000001
Gambir – Menteng,11,Monday,639,-6.1839,106.83115000000001
Gambir – Menteng,12,Monday,679,-6.1839,106.83115000000001
Gambir – Menteng,13,Monday,483,-6.1839,106.83115000000001
Gambir – Menteng,14,Monday,597,-6.1839,106.83115000000001
Gambir – Menteng,15,Monday,592,-6.1839,106.83115000000001
Gambir – Menteng,16,Monday,635,-6.1839,106.83115000000001
Gambir – Menteng,17,Monday,1831,-6.1839,106.83115000000001
Gambir – Menteng,18,Monday,2089,-6.1839,106.83115000000001
Gambir – Menteng,19,Monday,2158,-6.1839,106.83115000000001
Gambir – Menteng,20,Monday,919,-6.1839,106.83115000000001
Gambir – Menteng,21,Monday,555,-6.1839,106.83115000000001
Gambir – Menteng,6,Tuesday,464,-6.1839,106.83115000000001
Gambir – Menteng,7,Tuesday,1472,-6.1839,106.83115000000001
Gambir – Menteng,8,Tuesday,1662,-6.1839,106.83115000000001
Gambir – Menteng,9,Tuesday,1573,-6.1839,106.83115000000001
Gambir – Menteng,10,Tuesday,925,-6.1839,106.83115000000001
Gambir – Menteng,11,Tuesday,483,-6.1839,106.83115000000001
Gambir – Menteng,12,Tuesday,407,-6.1839,106.83115000000001
Gambir – Menteng,13,Tuesday,866,-6.1839,106.83115000000001
Gambir – Menteng,14,Tuesday,647,-6.1839,106.83115000000001
Gambir – Menteng,15,Tuesday,322,-6.1839,106.83115000000001
Gambir – Menteng,16,Tuesday,1010,-6.1839,106.83115000000001
Gambir – Menteng,17,Tuesday,1515,-6.1839,106.83115000000001
Gambir – Menteng,18,Tuesday,1803,-6.1839,106.83115000000001
Gambir – Menteng,19,Tuesday,1472,-6.1839,106.83115000000001
Gambir – Menteng,20,Tuesday,1172,-6.1839,106.83115000000001
Gambir – Menteng,21,Tuesday,257,-6.1839,106.83115000000001
Gambir – Menteng,6,Wednesday,1007,-6.1839,106.83115000000001
Gambir – Menteng,7,Wednesday,1524,-6.1839,106.83115000000001
Gambir – Menteng,8,Wednesday,1758,-6.1839,106.83115000000001
Gambir – Menteng,9,Wednesday,1471,-6.1839,106.83115000000001
Gambir – Menteng,10,Wednesday,669,-6.1839,106.83115000000001
Gambir – Menteng,11,Wednesday,1086,-6.1839,106.83115000000001
Gambir – Menteng,12,Wednesday,395,-6.1839,106.83115000000001
Gambir – Menteng,13,Wednesday,829,-6.1839,106.83115000000001
Gambir – Menteng,14,Wednesday,1101,-6.1839,106.83115000000001
Gambir – Menteng,15,Wednesday,1006,-6.1839,106.83115000000001
Gambir – Menteng,16,Wednesday,465,-6.1839,106.83115000000001
Gambir – Menteng,17,Wednesday,1956,-6.1839,106.83115000000001
Gambir – Menteng,18,Wednesday,2127,-6.1839,106.83115000000001
Gambir – Menteng,19,Wednesday,1806,-6.1839,106.83115000000001
Gambir – Menteng,20,Wednesday,729,-6.1839,106.83115000000001
Gambir – Menteng,21,Wednesday,760,-6.1839,106.83115000000001
Gambir – Menteng,6,Thursday,418,-6.1839,106.83115000000001
Gambir – Menteng,7,Thursday,2098,-6.1839,106.83115000000001
Gambir – Menteng,8,Thursday,1935,-6.1839,106.83115000000001
Gambir – Menteng,9,Thursday,1968,-6.1839,106.83115000000001
Gambir – Menteng,10,Thursday,514,-6.1839,106.83115000000001
Gambir – Menteng,11,Thursday,1050,-6.1839,106.83115000000001
Gambir – Menteng,12,Thursday,736,-6.1839,106.83115000000001
Gambir – Menteng,13,Thursday,1137,-6.1839,106.83115000000001
Gambir – Menteng,14,Thursday,539,-6.1839,106.83115000000001
Gambir – Menteng,15,Thursday,1065,-6.1839,106.83115000000001
Gambir – Menteng,16,Thursday,566,-6.1839,106.83115000000001
Gambir – Menteng,17,Thursday,2015,-6.1839,106.83115000000001
Gambir – Menteng,18,Thursday,2051,-6.1839,106.83115000000001
Gambir – Menteng,19,Thursday,1630,-6.1839,106.83115000000001
Gambir – Menteng,20,Thursday,1057,-6.1839,106.83115000000001
Gambir – Menteng,21,Thursday,590,-6.1839,106.83115000000001
Gambir – Menteng,6,Friday,1068,-6.1839,106.83115000000001
Gambir – Menteng,7,Friday,1424,-6.1839,106.83115000000001
Gambir – Menteng,8,Friday,1866,-6.1839,106.83115000000001
Gambir – Menteng,9,Friday,1866,-6.1839,106.83115000000001
Gambir – Menteng,10,Friday,923,-6.1839,106.83115000000001
Gambir – Menteng,11,Friday,750,-6.1839,106.83115000000001
Gambir – Menteng,12,Friday,320,-6.1839,106.83115000000001
Gambir – Menteng,13,Friday,675,-6.1839,106.83115000000001
Gambir – Menteng,14,Friday,1031,-6.1839,106.83115000000001
Gambir – Menteng,15,Friday,974,-6.1839,106.83115000000001
Gambir – Menteng,16,Friday,531,-6.1839,106.83115000000001
Gambir – Menteng,17,Friday,1975,-6.1839,106.83115000000001
Gambir – Menteng,18,Friday,1495,-6.1839,106.83115000000001
Gambir – Menteng,19,Friday,1539,-6.1839,106.83115000000001
Gambir – Menteng,20,Friday,243,-6.1839,106.83115000000001
Gambir – Menteng,21,Friday,885,-6.1839,106.83115000000001
Gambir – Kemayoran,6,Monday,557,-6.1637,106.84755
Gambir – Kemayoran,7,Monday,1877,-6.1637,106.84755
Gambir – Kemayoran,8,Monday,1869,-6.1637,106.84755
Gambir – Kemayoran,9,Monday,1508,-6.1637,106.84755
Gambir – Kemayoran,10,Monday,708,-6.1637,106.84755
Gambir – Kemayoran,11,Monday,619,-6.1637,106.84755
Gambir – Kemayoran,12,Monday,532,-6.1637,106.84755
Gambir – Kemayoran,13,Monday,828,-6.1637,106.84755
Gambir – Kemayoran,14,Monday,659,-6.1637,106.84755
Gambir – Kemayoran,15,Monday,610,-6.1637,106.84755
Gambir – Kemayoran,16,Monday,1191,-6.1637,106.84755
Gambir – Kemayoran,17,Monday,1596,-6.1637,106.84755
Gambir – Kemayoran,18,Monday,2062,-6.1637,106.84755
Gambir – Kemayoran,19,Monday,2081,-6.1637,106.84755
Gambir – Kemayoran,20,Monday,811,-6.1637,106.84755
Gambir – Kemayoran,21,Monday,1151,-6.1637,106.84755
Gambir – Kemayoran,6,Tuesday,820,-6.1637,106.84755
Gambir – Kemayoran,7,Tuesday,1563,-6.1637,106.84755
Gambir – Kemayoran,8,Tuesday,1825,-6.1637,106.84755
Gambir – Kemayoran,9,Tuesday,2177,-6.1637,106.84755
Gambir – Kemayoran,10,Tuesday,290,-6.1637,106.84755
Gambir – Kemayoran,11,Tuesday,405,-6.1637,106.84755
Gambir – Kemayoran,12,Tuesday,218,-6.1637,106.84755
Gambir – Kemayoran,13,Tuesday,442,-6.1637,106.84755
Gambir – Kemayoran,14,Tuesday,242,-6.1637,106.84755
Gambir – Kemayoran,15,Tuesday,1078,-6.1637,106.84755
Gambir – Kemayoran,16,Tuesday,998,-6.1637,106.84755
Gambir – Kemayoran,17,Tuesday,1602,-6.1637,106.84755
Gambir – Kemayoran,18,Tuesday,1656,-6.1637,106.84755
Gambir – Kemayoran,19,Tuesday,1886,-6.1637,106.84755
Gambir – Kemayoran,20,Tuesday,711,-6.1637,106.84755
Gambir – Kemayoran,21,Tuesday,275,-6.1637,106.84755
Gambir – Kemayoran,6,Wednesday,1094,-6.1637,106.84755
Gambir – Kemayoran,7,Wednesday,1704,-6.1637,106.84755
Gambir – Kemayoran,8,Wednesday,1637,-6.1637,106.84755
Gambir – Kemayoran,9,Wednesday,1409,-6.1637,106.84755
Gambir – Kemayoran,10,Wednesday,310,-6.1637,106.84755
Gambir – Kemayoran,11,Wednesday,880,-6.1637,106.84755
Gambir – Kemayoran,12,Wednesday,268,-6.1637,106.84755
Gambir – Kemayoran,13,Wednesday,253,-6.1637,106.84755
Gambir – Kemayoran,14,Wednesday,703,-6.1637,106.84755
Gambir – Kemayoran,15,Wednesday,808,-6.1637,106.84755
Gambir – Kemayoran,16,Wednesday,353,-6.1637,106.84755
Gambir – Kemayoran,17,Wednesday,2190,-6.1637,106.84755
Gambir – Kemayoran,18,Wednesday,1438,-6.1637,106.84755
Gambir – Kemayoran,19,Wednesday,1749,-6.1637,106.84755
Gambir – Kemayoran,20,Wednesday,460,-6.1637,106.84755
Gambir – Kemayoran,21,Wednesday,565,-6.1637,106.84755
Gambir – Kemayoran,6,Thursday,514,-6.1637,106.84755
Gambir – Kemayoran,7,Thursday,1995,-6.1637,106.84755
Gambir – Kemayoran,8,Thursday,1540,-6.1637,106.84755
Gambir – Kemayoran,9,Thursday,1998,-6.1637,106.84755
Gambir – Kemayoran,10,Thursday,619,-6.1637,106.84755
Gambir – Kemayoran,11,Thursday,455,-6.1637,106.84755
Gambir – Kemayoran,12,Thursday,1106,-6.1637,106.84755
Gambir – Kemayoran,13,Thursday,458,-6.1637,106.84755
Gambir – Kemayoran,14,Thursday,413,-6.1637,106.84755
Gambir – Kemayoran,15,Thursday,549,-6.1637,106.84755
Gambir – Kemayoran,16,Thursday,763,-6.1637,106.84755
Gambir – Kemayoran,17,Thursday,2101,-6.1637,106.84755
Gambir – Kemayoran,18,Thursday,2013,-6.1637,106.84755
Gambir – Kemayoran,19,Thursday,1744,-6.1637,106.84755
Gambir – Kemayoran,20,Thursday,976,-6.1637,106.84755
Gambir – Kemayoran,21,Thursday,397,-6.1637,106.84755
Gambir – Kemayoran,6,Friday,239,-6.1637,106.84755
Gambir – Kemayoran,7,Friday,1995,-6.1637,106.84755
Gambir – Kemayoran,8,Friday,1957,-6.1637,106.84755
Gambir – Kemayoran,9,Friday,1492,-6.1637,106.84755
Gambir – Kemayoran,10,Friday,851,-6.1637,106.84755
Gambir – Kemayoran,11,Friday,270,-6.1637,106.84755
Gambir – Kemayoran,12,Friday,885,-6.1637,106.84755
Gambir – Kemayoran,13,Friday,1004,-6.1637,106.84755
Gambir – Kemayoran,14,Friday,662,-6.1637,106.84755
Gambir – Kemayoran,15,Friday,1052,-6.1637,106.84755
Gambir – Kemayoran,16,Friday,380,-6.1637,106.84755
Gambir – Kemayoran,17,Friday,1983,-6.1637,106.84755
Gambir – Kemayoran,18,Friday,1531,-6.1637,106.84755
Gambir – Kemayoran,19,Friday,2177,-6.1637,106.84755
Gambir – Kemayoran,20,Friday,355,-6.1637,106.84755
Gambir – Kemayoran,21,Friday,824,-6.1637,106.84755
Tanah Abang – Cikini,6,Monday,1028,-6.19175,106.8248
Tanah Abang – Cikini,7,Monday,1459,-6.19175,106.8248
Tanah Abang – Cikini,8,Monday,1616,-6.19175,106.8248
Tanah Abang – Cikini,9,Monday,1423,-6.19175,106.8248
Tanah Abang – Cikini,10,Monday,1054,-6.19175,106.8248
Tanah Abang – Cikini,11,Monday,869,-6.19175,106.8248
Tanah Abang – Cikini,12,Monday,1038,-6.19175,106.8248
Tanah Abang – Cikini,13,Monday,1075,-6.19175,106.8248
Tanah Abang – Cikini,14,Monday,731,-6.19175,106.8248
Tanah Abang – Cikini,15,Monday,1111,-6.19175,106.8248
Tanah Abang – Cikini,16,Monday,1155,-6.19175,106.8248
Tanah Abang – Cikini,17,Monday,1823,-6.19175,106.8248
Tanah Abang – Cikini,18,Monday,1476,-6.19175,106.8248
Tanah Abang – Cikini,19,Monday,1533,-6.19175,106.8248
Tanah Abang – Cikini,20,Monday,771,-6.19175,106.8248
Tanah Abang – Cikini,21,Monday,836,-6.19175,106.8248
Tanah Abang – Cikini,6,Tuesday,281,-6.19175,106.8248
Tanah Abang – Cikini,7,Tuesday,1670,-6.19175,106.8248
Tanah Abang – Cikini,8,Tuesday,1867,-6.19175,106.8248
Tanah Abang – Cikini,9,Tuesday,1792,-6.19175,106.8248
Tanah Abang – Cikini,10,Tuesday,584,-6.19175,106.8248
Tanah Abang – Cikini,11,Tuesday,1138,-6.19175,106.8248
Tanah Abang – Cikini,12,Tuesday,1165,-6.19175,106.8248
Tanah Abang – Cikini,13,Tuesday,404,-6.19175,106.8248
Tanah Abang – Cikini,14,Tuesday,601,-6.19175,106.8248
Tanah Abang – Cikini,15,Tuesday,774,-6.19175,106.8248
Tanah Abang – Cikini,16,Tuesday,1134,-6.19175,106.8248
Tanah Abang – Cikini,17,Tuesday,1898,-6.19175,106.8248
Tanah Abang – Cikini,18,Tuesday,1423,-6.19175,106.8248
Tanah Abang – Cikini,19,Tuesday,1636,-6.19175,106.8248
Tanah Abang – Cikini,20,Tuesday,713,-6.19175,106.8248
Tanah Abang – Cikini,21,Tuesday,313,-6.19175,106.8248
Tanah Abang – Cikini,6,Wednesday,764,-6.19175,106.8248
Tanah Abang – Cikini,7,Wednesday,1721,-6.19175,106.8248
Tanah Abang – Cikini,8,Wednesday,2013,-6.19175,106.8248
Tanah Abang – Cikini,9,Wednesday,1588,-6.19175,106.8248
Tanah Abang – Cikini,10,Wednesday,325,-6.19175,106.8248
Tanah Abang – Cikini,11,Wednesday,742,-6.19175,106.8248
Tanah Abang – Cikini,12,Wednesday,644,-6.19175,106.8248
Tanah Abang – Cikini,13,Wednesday,863,-6.19175,106.8248
Tanah Abang – Cikini,14,Wednesday,1094,-6.19175,106.8248
Tanah Abang – Cikini,15,Wednesday,589,-6.19175,106.8248
Tanah Abang – Cikini,16,Wednesday,481,-6.19175,106.8248
Tanah Abang – Cikini,17,Wednesday,1725,-6.19175,106.8248
Tanah Abang – Cikini,18,Wednesday,2166,-6.19175,106.8248
Tanah Abang – Cikini,19,Wednesday,2004,-6.19175,106.8248
Tanah Abang – Cikini,20,Wednesday,895,-6.19175,106.8248
Tanah Abang – Cikini,21,Wednesday,596,-6.19175,106.8248
Tanah Abang – Cikini,6,Thursday,292,-6.19175,106.8248
Tanah Abang – Cikini,7,Thursday,1952,-6.19175,106.8248
Tanah Abang – Cikini,8,Thursday,2009,-6.19175,106.8248
Tanah Abang – Cikini,9,Thursday,1650,-6.19175,106.8248
Tanah Abang – Cikini,10,Thursday,292,-6.19175,106.8248
Tanah Abang – Cikini,11,Thursday,912,-6.19175,106.8248
Tanah Abang – Cikini,12,Thursday,782,-6.19175,106.8248
Tanah Abang – Cikini,13,Thursday,1043,-6.19175,106.8248
Tanah Abang – Cikini,14,Thursday,340,-6.19175,106.8248
Tanah Abang – Cikini,15,Thursday,223,-6.19175,106.8248
Tanah Abang – Cikini,16,Thursday,236,-6.19175,106.8248
Tanah Abang – Cikini,17,Thursday,1699,-6.19175,106.8248
Tanah Abang – Cikini,18,Thursday,2032,-6.19175,106.8248
Tanah Abang – Cikini,19,Thursday,1637,-6.19175,106.8248
Tanah Abang – Cikini,20,Thursday,672,-6.19175,106.8248
Tanah Abang – Cikini,21,Thursday,753,-6.19175,106.8248
Tanah Abang – Cikini,6,Friday,803,-6.19175,106.8248
Tanah Abang – Cikini,7,Friday,2106,-6.19175,106.8248
Tanah Abang – Cikini,8,Friday,2043,-6.19175,106.8248
Tanah Abang – Cikini,9,Friday,2104,-6.19175,106.8248
Tanah Abang – Cikini,10,Friday,292,-6.19175,106.8248
Tanah Abang – Cikini,11,Friday,359,-6.19175,106.8248
Tanah Abang – Cikini,12,Friday,207,-6.19175,106.8248
Tanah Abang – Cikini,13,Friday,736,-6.19175,106.8248
Tanah Abang – Cikini,14,Friday,797,-6.19175,106.8248
Tanah Abang – Cikini,15,Friday,1046,-6.19175,106.8248
Tanah Abang – Cikini,16,Friday,1152,-6.19175,106.8248
Tanah Abang – Cikini,17,Friday,1733,-6.19175,106.8248
Tanah Abang – Cikini,18,Friday,1879,-6.19175,106.8248
Tanah Abang – Cikini,19,Friday,2026,-6.19175,106.8248
Tanah Abang – Cikini,20,Friday,660,-6.19175,106.8248
Tanah Abang – Cikini,21,Friday,438,-6.19175,106.8248
Tanah Abang – Senen,6,Monday,816,-6.1785,106.8306
Tanah Abang – Senen,7,Monday,1708,-6.1785,106.8306
Tanah Abang – Senen,8,Monday,1665,-6.1785,106.8306
Tanah Abang – Senen,9,Monday,1870,-6.1785,106.8306
Tanah Abang – Senen,10,Monday,1043,-6.1785,106.8306
Tanah Abang – Senen,11,Monday,724,-6.1785,106.8306
Tanah Abang – Senen,12,Monday,719,-6.1785,106.8306
Tanah Abang – Senen,13,Monday,590,-6.1785,106.8306
Tanah Abang – Senen,14,Monday,594,-6.1785,106.8306
Tanah Abang – Senen,15,Monday,492,-6.1785,106.8306
Tanah Abang – Senen,16,Monday,644,-6.1785,106.8306
Tanah Abang – Senen,17,Monday,2151,-6.1785,106.8306
Tanah Abang – Senen,18,Monday,1553,-6.1785,106.8306
Tanah Abang – Senen,19,Monday,2154,-6.1785,106.8306
Tanah Abang – Senen,20,Monday,908,-6.1785,106.8306
Tanah Abang – Senen,21,Monday,311,-6.1785,106.8306
Tanah Abang – Senen,6,Tuesday,262,-6.1785,106.8306
Tanah Abang – Senen,7,Tuesday,1580,-6.1785,106.8306
Tanah Abang – Senen,8,Tuesday,2127,-6.1785,106.8306
Tanah Abang – Senen,9,Tuesday,1649,-6.1785,106.8306
Tanah Abang – Senen,10,Tuesday,1090,-6.1785,106.8306
Tanah Abang – Senen,11,Tuesday,789,-6.1785,106.8306
Tanah Abang – Senen,12,Tuesday,775,-6.1785,106.8306
Tanah Abang – Senen,13,Tuesday,538,-6.1785,106.8306
Tanah Abang – Senen,14,Tuesday,435,-6.1785,106.8306
Tanah Abang – Senen,15,Tuesday,977,-6.1785,106.8306
Tanah Abang – Senen,16,Tuesday,973,-6.1785,106.8306
Tanah Abang – Senen,17,Tuesday,1726,-6.1785,106.8306
Tanah Abang – Senen,18,Tuesday,1691,-6.1785,106.8306
Tanah Abang – Senen,19,Tuesday,2184,-6.1785,106.8306
Tanah Abang – Senen,20,Tuesday,1174,-6.1785,106.8306
Tanah Abang – Senen,21,Tuesday,641,-6.1785,106.8306
Tanah Abang – Senen,6,Wednesday,965,-6.1785,106.8306
Tanah Abang – Senen,7,Wednesday,2050,-6.1785,106.8306
Tanah Abang – Senen,8,Wednesday,1919,-6.1785,106.8306
Tanah Abang – Senen,9,Wednesday,2062,-6.1785,106.8306
Tanah Abang – Senen,10,Wednesday,613,-6.1785,106.8306
Tanah Abang – Senen,11,Wednesday,387,-6.1785,106.8306
Tanah Abang – Senen,12,Wednesday,494,-6.1785,106.8306
Tanah Abang – Senen,13,Wednesday,1025,-6.1785,106.8306
Tanah Abang – Senen,14,Wednesday,820,-6.1785,106.8306
Tanah Abang – Senen,15,Wednesday,928,-6.1785,106.8306
Tanah Abang – Senen,16,Wednesday,760,-6.1785,106.8306
Tanah Abang – Senen,17,Wednesday,2193,-6.1785,106.8306
Tanah Abang – Senen,18,Wednesday,1622,-6.1785,106.8306
Tanah Abang – Senen,19,Wednesday,2091,-6.1785,106.8306
Tanah Abang – Senen,20,Wednesday,893,-6.1785,106.8306
Tanah Abang – Senen,21,Wednesday,488,-6.1785,106.8306
Tanah Abang – Senen,6,Thursday,981,-6.1785,106.8306
Tanah Abang – Senen,7,Thursday,1447,-6.1785,106.8306
Tanah Abang – Senen,8,Thursday,1491,-6.1785,106.8306
Tanah Abang – Senen,9,Thursday,1896,-6.1785,106.8306
Tanah Abang – Senen,10,Thursday,1103,-6.1785,106.8306
Tanah Abang – Senen,11,Thursday,314,-6.1785,106.8306
Tanah Abang – Senen,12,Thursday,1156,-6.1785,106.8306
Tanah Abang – Senen,13,Thursday,287,-6.1785,106.8306
Tanah Abang – Senen,14,Thursday,571,-6.1785,106.8306
Tanah Abang – Senen,15,Thursday,473,-6.1785,106.8306
Tanah Abang – Senen,16,Thursday,383,-6.1785,106.8306
Tanah Abang – Senen,17,Thursday,1852,-6.1785,106.8306
Tanah Abang – Senen,18,Thursday,1714,-6.1785,106.8306
Tanah Abang – Senen,19,Thursday,1590,-6.1785,106.8306
Tanah Abang – Senen,20,Thursday,732,-6.1785,106.8306
Tanah Abang – Senen,21,Thursday,792,-6.1785,106.8306
Tanah Abang – Senen,6,Friday,297,-6.1785,106.8306
Tanah Abang – Senen,7,Friday,1888,-6.1785,106.8306
Tanah Abang – Senen,8,Friday,2073,-6.1785,106.8306
Tanah Abang – Senen,9,Friday,1486,-6.1785,106.8306
Tanah Abang – Senen,10,Friday,475,-6.1785,106.8306
Tanah Abang – Senen,11,Friday,887,-6.1785,106.8306
Tanah Abang – Senen,12,Friday,819,-6.1785,106.8306
Tanah Abang – Senen,13,Friday,724,-6.1785,106.8306
Tanah Abang – Senen,14,Friday,1057,-6.1785,106.8306
Tanah Abang – Senen,15,Friday,756,-6.1785,106.8306
Tanah Abang – Senen,16,Friday,465,-6.1785,106.8306
Tanah Abang – Senen,17,Friday,1963,-6.1785,106.8306
Tanah Abang – Senen,18,Friday,2151,-6.1785,106.8306
Tanah Abang – Senen,19,Friday,2149,-6.1785,106.8306
Tanah Abang – Senen,20,Friday,942,-6.1785,106.8306
Tanah Abang – Senen,21,Friday,259,-6.1785,106.8306
Tanah Abang – Menteng,6,Monday,533,-6.18825,106.82175000000001
Tanah Abang – Menteng,7,Monday,1919,-6.18825,106.82175000000001
Tanah Abang – Menteng,8,Monday,2194,-6.18825,106.82175000000001
Tanah Abang – Menteng,9,Monday,2140,-6.18825,106.82175000000001
Tanah Abang – Menteng,10,Monday,1191,-6.18825,106.82175000000001
Tanah Abang – Menteng,11,Monday,939,-6.18825,106.82175000000001
Tanah Abang – Menteng,12,Monday,957,-6.18825,106.82175000000001
Tanah Abang – Menteng,13,Monday,713,-6.18825,106.82175000000001
Tanah Abang – Menteng,14,Monday,710,-6.18825,106.82175000000001
Tanah Abang – Menteng,15,Monday,901,-6.18825,106.82175000000001
Tanah Abang – Menteng,16,Monday,504,-6.18825,106.82175000000001
Tanah Abang – Menteng,17,Monday,1817,-6.18825,106.82175000000001
Tanah Abang – Menteng,18,Monday,1808,-6.18825,106.82175000000001
Tanah Abang – Menteng,19,Monday,1491,-6.18825,106.82175000000001
Tanah Abang – Menteng,20,Monday,1056,-6.18825,106.82175000000001
Tanah Abang – Menteng,21,Monday,523,-6.18825,106.82175000000001
Tanah Abang – Menteng,6,Tuesday,1088,-6.18825,106.82175000000001
Tanah Abang – Menteng,7,Tuesday,1686,-6.18825,106.82175000000001
Tanah Abang – Menteng,8,Tuesday,2200,-6.18825,106.82175000000001
Tanah Abang – Menteng,9,Tuesday,1893,-6.18825,106.82175000000001
Tanah Abang – Menteng,10,Tuesday,796,-6.18825,106.82175000000001
Tanah Abang – Menteng,11,Tuesday,1155,-6.18825,106.82175000000001
Tanah Abang – Menteng,12,Tuesday,243,-6.18825,106.82175000000001
Tanah Abang – Menteng,13,Tuesday,944,-6.18825,106.82175000000001
Tanah Abang – Menteng,14,Tuesday,1084,-6.18825,106.82175000000001
Tanah Abang – Menteng,15,Tuesday,707,-6.18825,106.82175000000001
Tanah Abang – Menteng,16,Tuesday,531,-6.18825,106.82175000000001
Tanah Abang – Menteng,17,Tuesday,2100,-6.18825,106.82175000000001
Tanah Abang – Menteng,18,Tuesday,2176,-6.18825,106.82175000000001
Tanah Abang – Menteng,19,Tuesday,1689,-6.18825,106.82175000000001
Tanah Abang – Menteng,20,Tuesday,899,-6.18825,106.82175000000001
Tanah Abang – Menteng,21,Tuesday,660,-6.18825,106.82175000000001
Tanah Abang – Menteng,6,Wednesday,1082,-6.18825,106.82175000000001
Tanah Abang – Menteng,7,Wednesday,2071,-6.18825,106.82175000000001
Tanah Abang – Menteng,8,Wednesday,1499,-6.18825,106.82175000000001
Tanah Abang – Menteng,9,Wednesday,1525,-6.18825,106.82175000000001
Tanah Abang – Menteng,10,Wednesday,445,-6.18825,106.82175000000001
Tanah Abang – Menteng,11,Wednesday,845,-6.18825,106.82175000000001
Tanah Abang – Menteng,12,Wednesday,616,-6.18825,106.82175000000001
Tanah Abang – Menteng,13,Wednesday,881,-6.18825,106.82175000000001
Tanah Abang – Menteng,14,Wednesday,692,-6.18825,106.82175000000001
Tanah Abang – Menteng,15,Wednesday,670,-6.18825,106.82175000000001
Tanah Abang – Menteng,16,Wednesday,493,-6.18825,106.82175000000001
Tanah Abang – Menteng,17,Wednesday,1421,-6.18825,106.82175000000001
Tanah Abang – Menteng,18,Wednesday,1614,-6.18825,106.82175000000001
Tanah Abang – Menteng,19,Wednesday,1753,-6.18825,106.82175000000001
Tanah Abang – Menteng,20,Wednesday,1189,-6.18825,106.82175000000001
Tanah Abang – Menteng,21,Wednesday,576,-6.18825,106.82175000000001
Tanah Abang – Menteng,6,Thursday,1062,-6.18825,106.82175000000001
Tanah Abang – Menteng,7,Thursday,2108,-6.18825,106.82175000000001
Tanah Abang – Menteng,8,Thursday,1549,-6.18825,106.82175000000001
Tanah Abang – Menteng,9,Thursday,2196,-6.18825,106.82175000000001
Tanah Abang – Menteng,10,Thursday,932,-6.18825,106.82175000000001
Tanah Abang – Menteng,11,Thursday,204,-6.18825,106.82175000000001
Tanah Abang – Menteng,12,Thursday,627,-6.18825,106.82175000000001
Tanah Abang – Menteng,13,Thursday,243,-6.18825,106.82175000000001
Tanah Abang – Menteng,14,Thursday,459,-6.18825,106.82175000000001
Tanah Abang – Menteng,15,Thursday,833,-6.18825,106.82175000000001
Tanah Abang – Menteng,16,Thursday,519,-6.18825,106.82175000000001
Tanah Abang – Menteng,17,Thursday,1894,-6.18825,106.82175000000001
Tanah Abang – Menteng,18,Thursday,1965,-6.18825,106.82175000000001
Tanah Abang – Menteng,19,Thursday,2184,-6.18825,106.82175000000001
Tanah Abang – Menteng,20,Thursday,532,-6.18825,106.82175000000001
Tanah Abang – Menteng,21,Thursday,891,-6.18825,106.82175000000001
Tanah Abang – Menteng,6,Friday,915,-6.18825,106.82175000000001
Tanah Abang – Menteng,7,Friday,2181,-6.18825,106.82175000000001
Tanah Abang – Menteng,8,Friday,1475,-6.18825,106.82175000000001
Tanah Abang – Menteng,9,Friday,1677,-6.18825,106.82175000000001
Tanah Abang – Menteng,10,Friday,554,-6.18825,106.82175000000001
Tanah Abang – Menteng,11,Friday,831,-6.18825,106.82175000000001
Tanah Abang – Menteng,12,Friday,514,-6.18825,106.82175000000001
Tanah Abang – Menteng,13,Friday,1060,-6.18825,106.82175000000001
Tanah Abang – Menteng,14,Friday,225,-6.18825,106.82175000000001
Tanah Abang – Menteng,15,Friday,262,-6.18825,106.82175000000001
Tanah Abang – Menteng,16,Friday,1196,-6.18825,106.82175000000001
Tanah Abang – Menteng,17,Friday,1625,-6.18825,106.82175000000001
Tanah Abang – Menteng,18,Friday,2108,-6.18825,106.82175000000001
Tanah Abang – Menteng,19,Friday,1449,-6.18825,106.82175000000001
Tanah Abang – Menteng,20,Friday,1170,-6.18825,106.82175000000001
Tanah Abang – Menteng,21,Friday,1144,-6.18825,106.82175000000001
Tanah Abang – Kemayoran,6,Monday,266,-6.16805,106.83815
Tanah Abang – Kemayoran,7,Monday,1579,-6.16805,106.83815
Tanah Abang – Kemayoran,8,Monday,1445,-6.16805,106.83815
Tanah Abang – Kemayoran,9,Monday,1770,-6.16805,106.83815
Tanah Abang – Kemayoran,10,Monday,211,-6.16805,106.83815
Tanah Abang – Kemayoran,11,Monday,222,-6.16805,106.83815
Tanah Abang – Kemayoran,12,Monday,561,-6.16805,106.83815
Tanah Abang – Kemayoran,13,Monday,655,-6.16805,106.83815
Tanah Abang – Kemayoran,14,Monday,637,-6.16805,106.83815
Tanah Abang – Kemayoran,15,Monday,942,-6.16805,106.83815
Tanah Abang – Kemayoran,16,Monday,968,-6.16805,106.83815
Tanah Abang – Kemayoran,17,Monday,2048,-6.16805,106.83815
Tanah Abang – Kemayoran,18,Monday,1714,-6.16805,106.83815
Tanah Abang – Kemayoran,19,Monday,1718,-6.16805,106.83815
Tanah Abang – Kemayoran,20,Monday,382,-6.16805,106.83815
Tanah Abang – Kemayoran,21,Monday,848,-6.16805,106.83815
Tanah Abang – Kemayoran,6,Tuesday,815,-6.16805,106.83815
Tanah Abang – Kemayoran,7,Tuesday,1961,-6.16805,106.83815
Tanah Abang – Kemayoran,8,Tuesday,1537,-6.16805,106.83815
Tanah Abang – Kemayoran,9,Tuesday,2195,-6.16805,106.83815
Tanah Abang – Kemayoran,10,Tuesday,697,-6.16805,106.83815
Tanah Abang – Kemayoran,11,Tuesday,985,-6.16805,106.83815
Tanah Abang – Kemayoran,12,Tuesday,309,-6.16805,106.83815
Tanah Abang – Kemayoran,13,Tuesday,239,-6.16805,106.83815
Tanah Abang – Kemayoran,14,Tuesday,482,-6.16805,106.83815
Tanah Abang – Kemayoran,15,Tuesday,1003,-6.16805,106.83815
Tanah Abang – Kemayoran,16,Tuesday,455,-6.16805,106.83815
Tanah Abang – Kemayoran,17,Tuesday,2155,-6.16805,106.83815
Tanah Abang – Kemayoran,18,Tuesday,1968,-6.16805,106.83815
Tanah Abang – Kemayoran,19,Tuesday,2192,-6.16805,106.83815
Tanah Abang – Kemayoran,20,Tuesday,1148,-6.16805,106.83815
Tanah Abang – Kemayoran,21,Tuesday,868,-6.16805,106.83815
Tanah Abang – Kemayoran,6,Wednesday,343,-6.16805,106.83815
Tanah Abang – Kemayoran,7,Wednesday,2051,-6.16805,106.83815
Tanah Abang – Kemayoran,8,Wednesday,2190,-6.16805,106.83815
Tanah Abang – Kemayoran,9,Wednesday,2079,-6.16805,106.83815
Tanah Abang – Kemayoran,10,Wednesday,405,-6.16805,106.83815
Tanah Abang – Kemayoran,11,Wednesday,354,-6.16805,106.83815
Tanah Abang – Kemayoran,12,Wednesday,658,-6.16805,106.83815
Tanah Abang – Kemayoran,13,Wednesday,354,-6.16805,106.83815
Tanah Abang – Kemayoran,14,Wednesday,568,-6.16805,106.83815
Tanah Abang – Kemayoran,15,Wednesday,653,-6.16805,106.83815
Tanah Abang – Kemayoran,16,Wednesday,439,-6.16805,106.83815
Tanah Abang – Kemayoran,17,Wednesday,1542,-6.16805,106.83815
Tanah Abang – Kemayoran,18,Wednesday,2003,-6.16805,106.83815
Tanah Abang – Kemayoran,19,Wednesday,1965,-6.16805,106.83815
Tanah Abang – Kemayoran,20,Wednesday,844,-6.16805,106.83815
Tanah Abang – Kemayoran,21,Wednesday,782,-6.16805,106.83815
Tanah Abang – Kemayoran,6,Thursday,766,-6.16805,106.83815
Tanah Abang – Kemayoran,7,Thursday,1475,-6.16805,106.83815
Tanah Abang – Kemayoran,8,Thursday,1535,-6.16805,106.83815
Tanah Abang – Kemayoran,9,Thursday,2160,-6.16805,106.83815
Tanah Abang – Kemayoran,10,Thursday,984,-6.16805,106.83815
Tanah Abang – Kemayoran,11,Thursday,990,-6.16805,106.83815
Tanah Abang – Kemayoran,12,Thursday,1087,-6.16805,106.83815
Tanah Abang – Kemayoran,13,Thursday,365,-6.16805,106.83815
Tanah Abang – Kemayoran,14,Thursday,694,-6.16805,106.83815
Tanah Abang – Kemayoran,15,Thursday,609,-6.16805,106.83815
Tanah Abang – Kemayoran,16,Thursday,330,-6.16805,106.83815
Tanah Abang – Kemayoran,17,Thursday,1714,-6.16805,106.83815
Tanah Abang – Kemayoran,18,Thursday,1411,-6.16805,106.83815
Tanah Abang – Kemayoran,19,Thursday,1431,-6.16805,106.83815
Tanah Abang – Kemayoran,20,Thursday,843,-6.16805,106.83815
Tanah Abang – Kemayoran,21,Thursday,591,-6.16805,106.83815
Tanah Abang – Kemayoran,6,Friday,212,-6.16805,106.83815
Tanah Abang – Kemayoran,7,Friday,1758,-6.16805,106.83815
Tanah Abang – Kemayoran,8,Friday,1897,-6.16805,106.83815
Tanah Abang – Kemayoran,9,Friday,1749,-6.16805,106.83815
Tanah Abang – Kemayoran,10,Friday,485,-6.16805,106.83815
Tanah Abang – Kemayoran,11,Friday,320,-6.16805,106.83815
Tanah Abang – Kemayoran,12,Friday,1004,-6.16805,106.83815
Tanah Abang – Kemayoran,13,Friday,389,-6.16805,106.83815
Tanah Abang – Kemayoran,14,Friday,510,-6.16805,106.83815
Tanah Abang – Kemayoran,15,Friday,296,-6.16805,106.83815
Tanah Abang – Kemayoran,16,Friday,996,-6.16805,106.83815
Tanah Abang – Kemayoran,17,Friday,1413,-6.16805,106.83815
Tanah Abang – Kemayoran,18,Friday,1725,-6.16805,106.83815
Tanah Abang – Kemayoran,19,Friday,1545,-6.16805,106.83815
Tanah Abang – Kemayoran,20,Friday,371,-6.16805,106.83815
Tanah Abang – Kemayoran,21,Friday,248,-6.16805,106.83815
Cikini – Senen,6,Monday,946,-6.18375,106.8442
Cikini – Senen,7,Monday,1633,-6.18375,106.8442
Cikini – Senen,8,Monday,2041,-6.18375,106.8442
Cikini – Senen,9,Monday,1744,-6.18375,106.8442
Cikini – Senen,10,Monday,262,-6.18375,106.8442
Cikini – Senen,11,Monday,289,-6.18375,106.8442
Cikini – Senen,12,Monday,547,-6.18375,106.8442
Cikini – Senen,13,Monday,276,-6.18375,106.8442
Cikini – Senen,14,Monday,415,-6.18375,106.8442
Cikini – Senen,15,Monday,1094,-6.18375,106.8442
Cikini – Senen,16,Monday,552,-6.18375,106.8442
Cikini – Senen,17,Monday,1462,-6.18375,106.8442
Cikini – Senen,18,Monday,2115,-6.18375,106.8442
Cikini – Senen,19,Monday,1755,-6.18375,106.8442
Cikini – Senen,20,Monday,602,-6.18375,106.8442
Cikini – Senen,21,Monday,483,-6.18375,106.8442
Cikini – Senen,6,Tuesday,801,-6.18375,106.8442
Cikini – Senen,7,Tuesday,1694,-6.18375,106.8442
Cikini – Senen,8,Tuesday,1913,-6.18375,106.8442
Cikini – Senen,9,Tuesday,1728,-6.18375,106.8442
Cikini – Senen,10,Tuesday,1136,-6.18375,106.8442
Cikini – Senen,11,Tuesday,470,-6.18375,106.8442
Cikini – Senen,12,Tuesday,213,-6.18375,106.8442
Cikini – Senen,13,Tuesday,1013,-6.18375,106.8442
Cikini – Senen,14,Tuesday,635,-6.18375,106.8442
Cikini – Senen,15,Tuesday,1161,-6.18375,106.8442
Cikini – Senen,16,Tuesday,417,-6.18375,106.8442
Cikini – Senen,17,Tuesday,1488,-6.18375,106.8442
Cikini – Senen,18,Tuesday,1771,-6.18375,106.8442
Cikini – Senen,19,Tuesday,1510,-6.18375,106.8442
Cikini – Senen,20,Tuesday,441,-6.18375,106.8442
Cikini – Senen,21,Tuesday,651,-6.18375,106.8442
Cikini – Senen,6,Wednesday,1057,-6.18375,106.8442
Cikini – Senen,7,Wednesday,1436,-6.18375,106.8442
Cikini – Senen,8,Wednesday,1629,-6.18375,106.8442
Cikini – Senen,9,Wednesday,1899,-6.18375,106.8442
Cikini – Senen,10,Wednesday,858,-6.18375,106.8442
Cikini – Senen,11,Wednesday,813,-6.18375,106.8442
Cikini – Senen,12,Wednesday,815,-6.18375,106.8442
Cikini – Senen,13,Wednesday,744,-6.18375,106.8442
Cikini – Senen,14,Wednesday,939,-6.18375,106.8442
Cikini – Senen,15,Wednesday,760,-6.18375,106.8442
Cikini – Senen,16,Wednesday,705,-6.18375,106.8442
Cikini – Senen,17,Wednesday,1792,-6.18375,106.8442
Cikini – Senen,18,Wednesday,2010,-6.18375,106.8442
Cikini – Senen,19,Wednesday,1771,-6.18375,106.8442
Cikini – Senen,20,Wednesday,929,-6.18375,106.8442
Cikini – Senen,21,Wednesday,466,-6.18375,106.8442
Cikini – Senen,6,Thursday,230,-6.18375,106.8442
Cikini – Senen,7,Thursday,1898,-6.18375,106.8442
Cikini – Senen,8,Thursday,1899,-6.18375,106.8442
Cikini – Senen,9,Thursday,1587,-6.18375,106.8442
Cikini – Senen,10,Thursday,1090,-6.18375,106.8442
Cikini – Senen,11,Thursday,1086,-6.18375,106.8442
Cikini – Senen,12,Thursday,1188,-6.18375,106.8442
Cikini – Senen,13,Thursday,731,-6.18375,106.8442
Cikini – Senen,14,Thursday,1180,-6.18375,106.8442
Cikini – Senen,15,Thursday,958,-6.18375,106.8442
Cikini – Senen,16,Thursday,290,-6.18375,106.8442
Cikini – Senen,17,Thursday,1503,-6.18375,106.8442
Cikini – Senen,18,Thursday,2191,-6.18375,106.8442
Cikini – Senen,19,Thursday,1800,-6.18375,106.8442
Cikini – Senen,20,Thursday,675,-6.18375,106.8442
Cikini – Senen,21,Thursday,550,-6.18375,106.8442
Cikini – Senen,6,Friday,1066,-6.18375,106.8442
Cikini – Senen,7,Friday,2090,-6.18375,106.8442
Cikini – Senen,8,Friday,1772,-6.18375,106.8442
Cikini – Senen,9,Friday,1836,-6.18375,106.8442
Cikini – Senen,10,Friday,935,-6.18375,106.8442
Cikini – Senen,11,Friday,499,-6.18375,106.8442
Cikini – Senen,12,Friday,416,-6.18375,106.8442
Cikini – Senen,13,Friday,898,-6.18375,106.8442
Cikini – Senen,14,Friday,660,-6.18375,106.8442
Cikini – Senen,15,Friday,460,-6.18375,106.8442
Cikini – Senen,16,Friday,289,-6.18375,106.8442
Cikini – Senen,17,Friday,1853,-6.18375,106.8442
Cikini – Senen,18,Friday,1401,-6.18375,106.8442
Cikini – Senen,19,Friday,2175,-6.18375,106.8442
Cikini – Senen,20,Friday,398,-6.18375,106.8442
Cikini – Senen,21,Friday,380,-6.18375,106.8442
Cikini – Menteng,6,Monday,1020,-6.1935,106.83535
Cikini – Menteng,7,Monday,1460,-6.1935,106.83535
Cikini – Menteng,8,Monday,1415,-6.1935,106.83535
Cikini – Menteng,9,Monday,2043,-6.1935,106.83535
Cikini – Menteng,10,Monday,990,-6.1935,106.83535
Cikini – Menteng,11,Monday,1158,-6.1935,106.83535
Cikini – Menteng,12,Monday,450,-6.1935,106.83535
Cikini – Menteng,13,Monday,285,-6.1935,106.83535
Cikini – Menteng,14,Monday,659,-6.1935,106.83535
Cikini – Menteng,15,Monday,1046,-6.1935,106.83535
Cikini – Menteng,16,Monday,374,-6.1935,106.83535
Cikini – Menteng,17,Monday,1400,-6.1935,106.83535
Cikini – Menteng,18,Monday,2166,-6.1935,106.83535
Cikini – Menteng,19,Monday,1568,-6.1935,106.83535
Cikini – Menteng,20,Monday,248,-6.1935,106.83535
Cikini – Menteng,21,Monday,799,-6.1935,106.83535
Cikini – Menteng,6,Tuesday,518,-6.1935,106.83535
Cikini – Menteng,7,Tuesday,1939,-6.1935,106.83535
Cikini – Menteng,8,Tuesday,2048,-6.1935,106.83535
Cikini – Menteng,9,Tuesday,1977,-6.1935,106.83535
Cikini – Menteng,10,Tuesday,1096,-6.1935,106.83535
Cikini – Menteng,11,Tuesday,857,-6.1935,106.83535
Cikini – Menteng,12,Tuesday,1200,-6.1935,106.83535
Cikini – Menteng,13,Tuesday,960,-6.1935,106.83535
Cikini – Menteng,14,Tuesday,762,-6.1935,106.83535
Cikini – Menteng,15,Tuesday,727,-6.1935,106.83535
Cikini – Menteng,16,Tuesday,268,-6.1935,106.83535
Cikini – Menteng,17,Tuesday,1881,-6.1935,106.83535
Cikini – Menteng,18,Tuesday,1692,-6.1935,106.83535
Cikini – Menteng,19,Tuesday,1840,-6.1935,106.83535
Cikini – Menteng,20,Tuesday,1055,-6.1935,106.83535
Cikini – Menteng,21,Tuesday,316,-6.1935,106.83535
Cikini – Menteng,6,Wednesday,845,-6.1935,106.83535
Cikini – Menteng,7,Wednesday,2134,-6.1935,106.83535
Cikini – Menteng,8,Wednesday,1844,-6.1935,106.83535
Cikini – Menteng,9,Wednesday,2012,-6.1935,106.83535
Cikini – Menteng,10,Wednesday,215,-6.1935,106.83535
Cikini – Menteng,11,Wednesday,539,-6.1935,106.83535
Cikini – Menteng,12,Wednesday,746,-6.1935,106.83535
Cikini – Menteng,13,Wednesday,725,-6.1935,106.83535
Cikini – Menteng,14,Wednesday,577,-6.1935,106.83535
Cikini – Menteng,15,Wednesday,672,-6.1935,106.83535
Cikini – Menteng,16,Wednesday,614,-6.1935,106.83535
Cikini – Menteng,17,Wednesday,1992,-6.1935,106.83535
Cikini – Menteng,18,Wednesday,2158,-6.1935,106.83535
Cikini – Menteng,19,Wednesday,2186,-6.1935,106.83535
Cikini – Menteng,20,Wednesday,852,-6.1935,106.83535
Cikini – Menteng,21,Wednesday,1078,-6.1935,106.83535
Cikini – Menteng,6,Thursday,420,-6.1935,106.83535
Cikini – Menteng,7,Thursday,1555,-6.1935,106.83535
Cikini – Menteng,8,Thursday,1714,-6.1935,106.83535
Cikini – Menteng,9,Thursday,1587,-6.1935,106.83535
Cikini – Menteng,10,Thursday,1121,-6.1935,106.83535
Cikini – Menteng,11,Thursday,923,-6.1935,106.83535
Cikini – Menteng,12,Thursday,229,-6.1935,106.83535
Cikini – Menteng,13,Thursday,223,-6.1935,106.83535
Cikini – Menteng,14,Thursday,708,-6.1935,106.83535
Cikini – Menteng,15,Thursday,303,-6.1935,106.83535
Cikini – Menteng,16,Thursday,402,-6.1935,106.83535
Cikini – Menteng,17,Thursday,1692,-6.1935,106.83535
Cikini – Menteng,18,Thursday,1737,-6.1935,106.83535
Cikini – Menteng,19,Thursday,2004,-6.1935,106.83535
Cikini – Menteng,20,Thursday,241,-6.1935,106.83535
Cikini – Menteng,21,Thursday,286,-6.1935,106.83535
Cikini – Menteng,6,Friday,933,-6.1935,106.83535
Cikini – Menteng,7,Friday,1862,-6.1935,106.83535
Cikini – Menteng,8,Friday,1909,-6.1935,106.83535
Cikini – Menteng,9,Friday,1426,-6.1935,106.83535
Cikini – Menteng,10,Friday,698,-6.1935,106.83535
Cikini – Menteng,11,Friday,331,-6.1935,106.83535
Cikini – Menteng,12,Friday,1180,-6.1935,106.83535
Cikini – Menteng,13,Friday,1042,-6.1935,106.83535
Cikini – Menteng,14,Friday,868,-6.1935,106.83535
Cikini – Menteng,15,Friday,984,-6.1935,106.83535
Cikini – Menteng,16,Friday,998,-6.1935,106.83535
Cikini – Menteng,17,Friday,1952,-6.1935,106.83535
Cikini – Menteng,18,Friday,1648,-6.1935,106.83535
Cikini – Menteng,19,Friday,1742,-6.1935,106.83535
Cikini – Menteng,20,Friday,709,-6.1935,106.83535
Cikini – Menteng,21,Friday,732,-6.1935,106.83535
Cikini – Kemayoran,6,Monday,1018,-6.1733,106.85175
Cikini – Kemayoran,7,Monday,1687,-6.1733,106.85175
Cikini – Kemayoran,8,Monday,2193,-6.1733,106.85175
Cikini – Kemayoran,9,Monday,2118,-6.1733,106.85175
Cikini – Kemayoran,10,Monday,955,-6.1733,106.85175
Cikini – Kemayoran,11,Monday,920,-6.1733,106.85175
Cikini – Kemayoran,12,Monday,870,-6.1733,106.85175
Cikini – Kemayoran,13,Monday,402,-6.1733,106.85175
Cikini – Kemayoran,14,Monday,1060,-6.1733,106.85175
Cikini – Kemayoran,15,Monday,1146,-6.1733,106.85175
Cikini – Kemayoran,16,Monday,1139,-6.1733,106.85175
Cikini – Kemayoran,17,Monday,1987,-6.1733,106.85175
Cikini – Kemayoran,18,Monday,1691,-6.1733,106.85175
Cikini – Kemayoran,19,Monday,1671,-6.1733,106.85175
Cikini – Kemayoran,20,Monday,476,-6.1733,106.85175
Cikini – Kemayoran,21,Monday,651,-6.1733,106.85175
Cikini – Kemayoran,6,Tuesday,577,-6.1733,106.85175
Cikini – Kemayoran,7,Tuesday,1965,-6.1733,106.85175
Cikini – Kemayoran,8,Tuesday,1529,-6.1733,106.85175
Cikini – Kemayoran,9,Tuesday,1789,-6.1733,106.85175
Cikini – Kemayoran,10,Tuesday,290,-6.1733,106.85175
Cikini – Kemayoran,11,Tuesday,409,-6.1733,106.85175
Cikini – Kemayoran,12,Tuesday,536,-6.1733,106.85175
Cikini – Kemayoran,13,Tuesday,312,-6.1733,106.85175
Cikini – Kemayoran,14,Tuesday,579,-6.1733,106.85175
Cikini – Kemayoran,15,Tuesday,497,-6.1733,106.85175
Cikini – Kemayoran,16,Tuesday,460,-6.1733,106.85175
Cikini – Kemayoran,17,Tuesday,1847,-6.1733,106.85175
Cikini – Kemayoran,18,Tuesday,1982,-6.1733,106.85175
Cikini – Kemayoran,19,Tuesday,1889,-6.1733,106.85175
Cikini – Kemayoran,20,Tuesday,411,-6.1733,106.85175
Cikini – Kemayoran,21,Tuesday,264,-6.1733,106.85175
Cikini – Kemayoran,6,Wednesday,278,-6.1733,106.85175
Cikini – Kemayoran,7,Wednesday,1773,-6.1733,106.85175
Cikini – Kemayoran,8,Wednesday,1508,-6.1733,106.85175
Cikini – Kemayoran,9,Wednesday,1792,-6.1733,106.85175
Cikini – Kemayoran,10,Wednesday,332,-6.1733,106.85175
Cikini – Kemayoran,11,Wednesday,1104,-6.1733,106.85175
Cikini – Kemayoran,12,Wednesday,904,-6.1733,106.85175
Cikini – Kemayoran,13,Wednesday,231,-6.1733,106.85175
Cikini – Kemayoran,14,Wednesday,561,-6.1733,106.85175
Cikini – Kemayoran,15,Wednesday,644,-6.1733,106.85175
Cikini – Kemayoran,16,Wednesday,698,-6.1733,106.85175
Cikini – Kemayoran,17,Wednesday,1413,-6.1733,106.85175
Cikini – Kemayoran,18,Wednesday,1881,-6.1733,106.85175
Cikini – Kemayoran,19,Wednesday,1524,-6.1733,106.85175
Cikini – Kemayoran,20,Wednesday,669,-6.1733,106.85175
Cikini – Kemayoran,21,Wednesday,353,-6.1733,106.85175
Cikini – Kemayoran,6,Thursday,1023,-6.1733,106.85175
Cikini – Kemayoran,7,Thursday,2129,-6.1733,106.85175
Cikini – Kemayoran,8,Thursday,1734,-6.1733,106.85175
Cikini – Kemayoran,9,Thursday,1880,-6.1733,106.85175
Cikini – Kemayoran,10,Thursday,741,-6.1733,106.85175
Cikini – Kemayoran,11,Thursday,751,-6.1733,106.85175
Cikini – Kemayoran,12,Thursday,449,-6.1733,106.85175
Cikini – Kemayoran,13,Thursday,885,-6.1733,106.85175
Cikini – Kemayoran,14,Thursday,307,-6.1733,106.85175
Cikini – Kemayoran,15,Thursday,1075,-6.1733,106.85175
Cikini – Kemayoran,16,Thursday,1109,-6.1733,106.85175
Cikini – Kemayoran,17,Thursday,1756,-6.1733,106.85175
Cikini – Kemayoran,18,Thursday,1613,-6.1733,106.85175
Cikini – Kemayoran,19,Thursday,2027,-6.1733,106.85175
Cikini – Kemayoran,20,Thursday,936,-6.1733,106.85175
Cikini – Kemayoran,21,Thursday,239,-6.1733,106.85175
Cikini – Kemayoran,6,Friday,727,-6.1733,106.85175
Cikini – Kemayoran,7,Friday,1872,-6.1733,106.85175
Cikini – Kemayoran,8,Friday,1911,-6.1733,106.85175
Cikini – Kemayoran,9,Friday,2056,-6.1733,106.85175
Cikini – Kemayoran,10,Friday,456,-6.1733,106.85175
Cikini – Kemayoran,11,Friday,772,-6.1733,106.85175
Cikini – Kemayoran,12,Friday,292,-6.1733,106.85175
Cikini – Kemayoran,13,Friday,301,-6.1733,106.85175
Cikini – Kemayoran,14,Friday,568,-6.1733,106.85175
Cikini – Kemayoran,15,Friday,751,-6.1733,106.85175
Cikini – Kemayoran,16,Friday,218,-6.1733,106.85175
Cikini – Kemayoran,17,Friday,1965,-6.1733,106.85175
Cikini – Kemayoran,18,Friday,1553,-6.1733,106.85175
Cikini – Kemayoran,19,Friday,1550,-6.1733,106.85175
Cikini – Kemayoran,20,Friday,917,-6.1733,106.85175
Cikini – Kemayoran,21,Friday,381,-6.1733,106.85175
Senen – Menteng,6,Monday,1019,-6.18025,106.84115
Senen – Menteng,7,Monday,2126,-6.18025,106.84115
Senen – Menteng,8,Monday,1834,-6.18025,106.84115
Senen – Menteng,9,Monday,1665,-6.18025,106.84115
Senen – Menteng,10,Monday,234,-6.18025,106.84115
Senen – Menteng,11,Monday,294,-6.18025,106.84115
Senen – Menteng,12,Monday,298,-6.18025,106.84115
Senen – Menteng,13,Monday,968,-6.18025,106.84115
Senen – Menteng,14,Monday,757,-6.18025,106.84115
Senen – Menteng,15,Monday,858,-6.18025,106.84115
Senen – Menteng,16,Monday,338,-6.18025,106.84115
Senen – Menteng,17,Monday,1407,-6.18025,106.84115
Senen – Menteng,18,Monday,1535,-6.18025,106.84115
Senen – Menteng,19,Monday,2111,-6.18025,106.84115
Senen – Menteng,20,Monday,659,-6.18025,106.84115
Senen – Menteng,21,Monday,292,-6.18025,106.84115
Senen – Menteng,6,Tuesday,449,-6.18025,106.84115
Senen – Menteng,7,Tuesday,1437,-6.18025,106.84115
Senen – Menteng,8,Tuesday,2029,-6.18025,106.84115
Senen – Menteng,9,Tuesday,1519,-6.18025,106.84115
Senen – Menteng,10,Tuesday,422,-6.18025,106.84115
Senen – Menteng,11,Tuesday,598,-6.18025,106.84115
Senen – Menteng,12,Tuesday,766,-6.18025,106.84115
Senen – Menteng,13,Tuesday,655,-6.18025,106.84115
Senen – Menteng,14,Tuesday,454,-6.18025,106.84115
Senen – Menteng,15,Tuesday,468,-6.18025,106.84115
Senen – Menteng,16,Tuesday,492,-6.18025,106.84115
Senen – Menteng,17,Tuesday,2052,-6.18025,106.84115
Senen – Menteng,18,Tuesday,1468,-6.18025,106.84115
Senen – Menteng,19,Tuesday,2134,-6.18025,106.84115
Senen – Menteng,20,Tuesday,584,-6.18025,106.84115
Senen – Menteng,21,Tuesday,948,-6.18025,106.84115
Senen – Menteng,6,Wednesday,584,-6.18025,106.84115
Senen – Menteng,7,Wednesday,1946,-6.18025,106.84115
Senen – Menteng,8,Wednesday,1546,-6.18025,106.84115
Senen – Menteng,9,Wednesday,2171,-6.18025,106.84115
Senen – Menteng,10,Wednesday,263,-6.18025,106.84115
Senen – Menteng,11,Wednesday,517,-6.18025,106.84115
Senen – Menteng,12,Wednesday,345,-6.18025,106.84115
Senen – Menteng,13,Wednesday,765,-6.18025,106.84115
Senen – Menteng,14,Wednesday,279,-6.18025,106.84115
Senen – Menteng,15,Wednesday,1185,-6.18025,106.84115
Senen – Menteng,16,Wednesday,834,-6.18025,106.84115
Senen – Menteng,17,Wednesday,1563,-6.18025,106.84115
Senen – Menteng,18,Wednesday,1515,-6.18025,106.84115
Senen – Menteng,19,Wednesday,1583,-6.18025,106.84115
Senen – Menteng,20,Wednesday,375,-6.18025,106.84115
Senen – Menteng,21,Wednesday,690,-6.18025,106.84115
Senen – Menteng,6,Thursday,907,-6.18025,106.84115
Senen – Menteng,7,Thursday,1655,-6.18025,106.84115
Senen – Menteng,8,Thursday,1735,-6.18025,106.84115
Senen – Menteng,9,Thursday,1846,-6.18025,106.84115
Senen – Menteng,10,Thursday,1073,-6.18025,106.84115
Senen – Menteng,11,Thursday,941,-6.18025,106.84115
Senen – Menteng,12,Thursday,406,-6.18025,106.84115
Senen – Menteng,13,Thursday,408,-6.18025,106.84115
Senen – Menteng,14,Thursday,210,-6.18025,106.84115
Senen – Menteng,15,Thursday,980,-6.18025,106.84115
Senen – Menteng,16,Thursday,985,-6.18025,106.84115
Senen – Menteng,17,Thursday,1436,-6.18025,106.84115
Senen – Menteng,18,Thursday,1770,-6.18025,106.84115
Senen – Menteng,19,Thursday,1646,-6.18025,106.84115
Senen – Menteng,20,Thursday,546,-6.18025,106.84115
Senen – Menteng,21,Thursday,238,-6.18025,106.84115
Senen – Menteng,6,Friday,291,-6.18025,106.84115
Senen – Menteng,7,Friday,1628,-6.18025,106.84115
Senen – Menteng,8,Friday,2075,-6.18025,106.84115
Senen – Menteng,9,Friday,2188,-6.18025,106.84115
Senen – Menteng,10,Friday,593,-6.18025,106.84115
Senen – Menteng,11,Friday,216,-6.18025,106.84115
Senen – Menteng,12,Friday,762,-6.18025,106.84115
Senen – Menteng,13,Friday,1131,-6.18025,106.84115
Senen – Menteng,14,Friday,285,-6.18025,106.84115
Senen – Menteng,15,Friday,947,-6.18025,106.84115
Senen – Menteng,16,Friday,442,-6.18025,106.84115
Senen – Menteng,17,Friday,2199,-6.18025,106.84115
Senen – Menteng,18,Friday,2114,-6.18025,106.84115
Senen – Menteng,19,Friday,1663,-6.18025,106.84115
Senen – Menteng,20,Friday,951,-6.18025,106.84115
Senen – Menteng,21,Friday,359,-6.18025,106.84115
Senen – Kemayoran,6,Monday,788,-6.16005,106.85755
Senen – Kemayoran,7,Monday,1653,-6.16005,106.85755
Senen – Kemayoran,8,Monday,1876,-6.16005,106.85755
Senen – Kemayoran,9,Monday,1741,-6.16005,106.85755
Senen – Kemayoran,10,Monday,837,-6.16005,106.85755
Senen – Kemayoran,11,Monday,360,-6.16005,106.85755
Senen – Kemayoran,12,Monday,1090,-6.16005,106.85755
Senen – Kemayoran,13,Monday,742,-6.16005,106.85755
Senen – Kemayoran,14,Monday,222,-6.16005,106.85755
Senen – Kemayoran,15,Monday,481,-6.16005,106.85755
Senen – Kemayoran,16,Monday,889,-6.16005,106.85755
Senen – Kemayoran,17,Monday,1465,-6.16005,106.85755
Senen – Kemayoran,18,Monday,1812,-6.16005,106.85755
Senen – Kemayoran,19,Monday,1882,-6.16005,106.85755
Senen – Kemayoran,20,Monday,813,-6.16005,106.85755
Senen – Kemayoran,21,Monday,748,-6.16005,106.85755
Senen – Kemayoran,6,Tuesday,652,-6.16005,106.85755
Senen – Kemayoran,7,Tuesday,1995,-6.16005,106.85755
Senen – Kemayoran,8,Tuesday,1668,-6.16005,106.85755
Senen – Kemayoran,9,Tuesday,1578,-6.16005,106.85755
Senen – Kemayoran,10,Tuesday,895,-6.16005,106.85755
Senen – Kemayoran,11,Tuesday,399,-6.16005,106.85755
Senen – Kemayoran,12,Tuesday,722,-6.16005,106.85755
Senen – Kemayoran,13,Tuesday,349,-6.16005,106.85755
Senen – Kemayoran,14,Tuesday,697,-6.16005,106.85755
Senen – Kemayoran,15,Tuesday,1120,-6.16005,106.85755
Senen – Kemayoran,16,Tuesday,1117,-6.16005,106.85755
Senen – Kemayoran,17,Tuesday,1404,-6.16005,106.85755
Senen – Kemayoran,18,Tuesday,1579,-6.16005,106.85755
Senen – Kemayoran,19,Tuesday,1878,-6.16005,106.85755
Senen – Kemayoran,20,Tuesday,581,-6.16005,106.85755
Senen – Kemayoran,21,Tuesday,884,-6.16005,106.85755
Senen – Kemayoran,6,Wednesday,291,-6.16005,106.85755
Senen – Kemayoran,7,Wednesday,2135,-6.16005,106.85755
Senen – Kemayoran,8,Wednesday,2087,-6.16005,106.85755
Senen – Kemayoran,9,Wednesday,2192,-6.16005,106.85755
Senen – Kemayoran,10,Wednesday,473,-6.16005,106.85755
Senen – Kemayoran,11,Wednesday,1078,-6.16005,106.85755
Senen – Kemayoran,12,Wednesday,941,-6.16005,106.85755
Senen – Kemayoran,13,Wednesday,216,-6.16005,106.85755
Senen – Kemayoran,14,Wednesday,821,-6.16005,106.85755
Senen – Kemayoran,15,Wednesday,817,-6.16005,106.85755
Senen – Kemayoran,16,Wednesday,811,-6.16005,106.85755
Senen – Kemayoran,17,Wednesday,1460,-6.16005,106.85755
Senen – Kemayoran,18,Wednesday,1514,-6.16005,106.85755
Senen – Kemayoran,19,Wednesday,1530,-6.16005,106.85755
Senen – Kemayoran,20,Wednesday,654,-6.16005,106.85755
Senen – Kemayoran,21,Wednesday,754,-6.16005,106.85755
Senen – Kemayoran,6,Thursday,607,-6.16005,106.85755
Senen – Kemayoran,7,Thursday,1549,-6.16005,106.85755
Senen – Kemayoran,8,Thursday,1426,-6.16005,106.85755
Senen – Kemayoran,9,Thursday,2194,-6.16005,106.85755
Senen – Kemayoran,10,Thursday,899,-6.16005,106.85755
Senen – Kemayoran,11,Thursday,592,-6.16005,106.85755
Senen – Kemayoran,12,Thursday,1077,-6.16005,106.85755
Senen – Kemayoran,13,Thursday,815,-6.16005,106.85755
Senen – Kemayoran,14,Thursday,677,-6.16005,106.85755
Senen – Kemayoran,15,Thursday,710,-6.16005,106.85755
Senen – Kemayoran,16,Thursday,243,-6.16005,106.85755
Senen – Kemayoran,17,Thursday,1569,-6.16005,106.85755
Senen – Kemayoran,18,Thursday,1581,-6.16005,106.85755
Senen – Kemayoran,19,Thursday,2046,-6.16005,106.85755
Senen – Kemayoran,20,Thursday,949,-6.16005,106.85755
Senen – Kemayoran,21,Thursday,220,-6.16005,106.85755
Senen – Kemayoran,6,Friday,1197,-6.16005,106.85755
Senen – Kemayoran,7,Friday,1691,-6.16005,106.85755
Senen – Kemayoran,8,Friday,1679,-6.16005,106.85755
Senen – Kemayoran,9,Friday,1774,-6.16005,106.85755
Senen – Kemayoran,10,Friday,1066,-6.16005,106.85755
Senen – Kemayoran,11,Friday,1122,-6.16005,106.85755
Senen – Kemayoran,12,Friday,1155,-6.16005,106.85755
Senen – Kemayoran,13,Friday,688,-6.16005,106.85755
Senen – Kemayoran,14,Friday,211,-6.16005,106.85755
Senen – Kemayoran,15,Friday,208,-6.16005,106.85755
Senen – Kemayoran,16,Friday,969,-6.16005,106.85755
Senen – Kemayoran,17,Friday,1595,-6.16005,106.85755
Senen – Kemayoran,18,Friday,1665,-6.16005,106.85755
Senen – Kemayoran,19,Friday,2088,-6.16005,106.85755
Senen – Kemayoran,20,Friday,867,-6.16005,106.85755
Senen – Kemayoran,21,Friday,517,-6.16005,106.85755
Menteng – Kemayoran,6,Monday,314,-6.1698,106.84870000000001
Menteng – Kemayoran,7,Monday,1714,-6.1698,106.84870000000001
Menteng – Kemayoran,8,Monday,1724,-6.1698,106.84870000000001
Menteng – Kemayoran,9,Monday,2122,-6.1698,106.84870000000001
Menteng – Kemayoran,10,Monday,1099,-6.1698,106.84870000000001
Menteng – Kemayoran,11,Monday,425,-6.1698,106.84870000000001
Menteng – Kemayoran,12,Monday,505,-6.1698,106.84870000000001
Menteng – Kemayoran,13,Monday,898,-6.1698,106.84870000000001
Menteng – Kemayoran,14,Monday,1101,-6.1698,106.84870000000001
Menteng – Kemayoran,15,Monday,1114,-6.1698,106.84870000000001
Menteng – Kemayoran,16,Monday,396,-6.1698,106.84870000000001
Menteng – Kemayoran,17,Monday,1927,-6.1698,106.84870000000001
Menteng – Kemayoran,18,Monday,1822,-6.1698,106.84870000000001
Menteng – Kemayoran,19,Monday,1751,-6.1698,106.84870000000001
Menteng – Kemayoran,20,Monday,659,-6.1698,106.84870000000001
Menteng – Kemayoran,21,Monday,1016,-6.1698,106.84870000000001
Menteng – Kemayoran,6,Tuesday,692,-6.1698,106.84870000000001
Menteng – Kemayoran,7,Tuesday,1730,-6.1698,106.84870000000001
Menteng – Kemayoran,8,Tuesday,1738,-6.1698,106.84870000000001
Menteng – Kemayoran,9,Tuesday,1959,-6.1698,106.84870000000001
Menteng – Kemayoran,10,Tuesday,804,-6.1698,106.84870000000001
Menteng – Kemayoran,11,Tuesday,1029,-6.1698,106.84870000000001
Menteng – Kemayoran,12,Tuesday,499,-6.1698,106.84870000000001
Menteng – Kemayoran,13,Tuesday,363,-6.1698,106.84870000000001
Menteng – Kemayoran,14,Tuesday,784,-6.1698,106.84870000000001
Menteng – Kemayoran,15,Tuesday,211,-6.1698,106.84870000000001
Menteng – Kemayoran,16,Tuesday,800,-6.1698,106.84870000000001
Menteng – Kemayoran,17,Tuesday,1978,-6.1698,106.84870000000001
Menteng – Kemayoran,18,Tuesday,1943,-6.1698,106.84870000000001
Menteng – Kemayoran,19,Tuesday,2102,-6.1698,106.84870000000001
Menteng – Kemayoran,20,Tuesday,1177,-6.1698,106.84870000000001
Menteng – Kemayoran,21,Tuesday,1144,-6.1698,106.84870000000001
Menteng – Kemayoran,6,Wednesday,592,-6.1698,106.84870000000001
Menteng – Kemayoran,7,Wednesday,1466,-6.1698,106.84870000000001
Menteng – Kemayoran,8,Wednesday,1768,-6.1698,106.84870000000001
Menteng – Kemayoran,9,Wednesday,2033,-6.1698,106.84870000000001
Menteng – Kemayoran,10,Wednesday,240,-6.1698,106.84870000000001
Menteng – Kemayoran,11,Wednesday,219,-6.1698,106.84870000000001
Menteng – Kemayoran,12,Wednesday,353,-6.1698,106.84870000000001
Menteng – Kemayoran,13,Wednesday,628,-6.1698,106.84870000000001
Menteng – Kemayoran,14,Wednesday,777,-6.1698,106.84870000000001
Menteng – Kemayoran,15,Wednesday,664,-6.1698,106.84870000000001
Menteng – Kemayoran,16,Wednesday,453,-6.1698,106.84870000000001
Menteng – Kemayoran,17,Wednesday,1666,-6.1698,106.84870000000001
Menteng – Kemayoran,18,Wednesday,1561,-6.1698,106.84870000000001
Menteng – Kemayoran,19,Wednesday,2021,-6.1698,106.84870000000001
Menteng – Kemayoran,20,Wednesday,671,-6.1698,106.84870000000001
Menteng – Kemayoran,21,Wednesday,547,-6.1698,106.84870000000001
Menteng – Kemayoran,6,Thursday,1044,-6.1698,106.84870000000001
Menteng – Kemayoran,7,Thursday,1935,-6.1698,106.84870000000001
Menteng – Kemayoran,8,Thursday,1635,-6.1698,106.84870000000001
Menteng – Kemayoran,9,Thursday,1749,-6.1698,106.84870000000001
Menteng – Kemayoran,10,Thursday,217,-6.1698,106.84870000000001
Menteng – Kemayoran,11,Thursday,565,-6.1698,106.84870000000001
Menteng – Kemayoran,12,Thursday,460,-6.1698,106.84870000000001
Menteng – Kemayoran,13,Thursday,1059,-6.1698,106.84870000000001
Menteng – Kemayoran,14,Thursday,312,-6.1698,106.84870000000001
Menteng – Kemayoran,15,Thursday,1117,-6.1698,106.84870000000001
Menteng – Kemayoran,16,Thursday,941,-6.1698,106.84870000000001
Menteng – Kemayoran,17,Thursday,1838,-6.1698,106.84870000000001
Menteng – Kemayoran,18,Thursday,1872,-6.1698,106.84870000000001
Menteng – Kemayoran,19,Thursday,2169,-6.1698,106.84870000000001
Menteng – Kemayoran,20,Thursday,1099,-6.1698,106.84870000000001
Menteng – Kemayoran,21,Thursday,296,-6.1698,106.84870000000001
Menteng – Kemayoran,6,Friday,783,-6.1698,106.84870000000001
Menteng – Kemayoran,7,Friday,1596,-6.1698,106.84870000000001
Menteng – Kemayoran,8,Friday,1636,-6.1698,106.84870000000001
Menteng – Kemayoran,9,Friday,1839,-6.1698,106.84870000000001
Menteng – Kemayoran,10,Friday,1033,-6.1698,106.84870000000001
Menteng – Kemayoran,11,Friday,916,-6.1698,106.84870000000001
Menteng – Kemayoran,12,Friday,1109,-6.1698,106.84870000000001
Menteng – Kemayoran,13,Friday,774,-6.1698,106.84870000000001
Menteng – Kemayoran,14,Friday,733,-6.1698,106.84870000000001
Menteng – Kemayoran,15,Friday,420,-6.1698,106.84870000000001
Menteng – Kemayoran,16,Friday,1027,-6.1698,106.84870000000001
Menteng – Kemayoran,17,Friday,1790,-6.1698,106.84870000000001
Menteng – Kemayoran,18,Friday,2134,-6.1698,106.84870000000001
Menteng – Kemayoran,19,Friday,1920,-6.1698,106.84870000000001
Menteng – Kemayoran,20,Friday,655,-6.1698,106.84870000000001
Menteng – Kemayoran,21,Friday,333,-6.1698,106.84870000000001
